{"default_layout":"pxabnsnfns11111000001","textdirection":"ltr","device":false,"fontscale":100,"kbshortcuts":false,"skip_nav_enabled":true,"outputtype":"undefined","layouts":[{"__type":"layout","name":"npnxnanbsnfns11111000001","font":"Open Sans FS","controllayout":"npnxnanbsnfns11111000001","colorscheme":"pxabnsnfns11111000001","string_table":"pxabnsnfns11111000001"},{"__type":"layout","name":"pxabnsnfns11111000001","font":"Open Sans FS","controllayout":"pxabnsnfns11111000001","colorscheme":"pxabnsnfns11111000001","string_table":"pxabnsnfns11111000001"},{"__type":"layout","name":"npxnabnsnfns11111000001","font":"Open Sans FS","controllayout":"npxnabnsnfns11111000001","colorscheme":"pxabnsnfns11111000001","string_table":"pxabnsnfns11111000001"},{"__type":"layout","name":"npnxnanbnsnfns11111000001","font":"Open Sans FS","controllayout":"npnxnanbnsnfns11111000001","colorscheme":"pxabnsnfns11111000001","string_table":"pxabnsnfns11111000001"},{"__type":"layout","name":"pxabnsnfns11111000000","font":"Open Sans FS","controllayout":"pxabnsnfns11111000000","colorscheme":"pxabnsnfns11111000001","string_table":"pxabnsnfns11111000001"}],"orientations":{"phone":["portrait","landscape"],"tablet":["portrait","landscape"]},"control_options":{"optiongroups":[{"__type":"optiongroup","name":"sidebaroptions","options":[{"__type":"option","value":"false","options":[{"__type":"option","value":"e-learning 2017","options":null,"properties":null,"name":"title_text"}],"properties":null,"name":"title_enabled"},{"__type":"option","value":"true","options":[{"__type":"option","value":"story_content/logo.swf","options":null,"properties":[{"__type":"property","name":"width","value":"203"},{"__type":"property","name":"height","value":"114"}],"name":"logo_url"},{"__type":"option","value":"mobile/5sOaCB2kmWx.jpg","options":null,"properties":null,"name":"html5_logo_url"}],"properties":null,"name":"logo_enabled"},{"__type":"option","value":"true","options":[{"__type":"option","value":"right","options":null,"properties":null,"name":"sidebarpos"}],"properties":null,"name":"sidebar_enabled"},{"__type":"optionlist","listitems":[{"__type":"listitem","name":"resources","value":"false","group":"linkright","properties":null},{"__type":"listitem","name":"outline","value":"true","group":"sidebar","properties":null},{"__type":"listitem","name":"glossary","value":"false","group":"sidebar","properties":null},{"__type":"listitem","name":"transcript","value":"false","group":"sidebar","properties":null}],"name":"tabs"},{"__type":"option","value":"false","options":[{"__type":"option","value":"","options":null,"properties":null,"name":"time_format"}],"properties":null,"name":"time_enabled"},{"__type":"option","value":"false","options":[{"__type":"option","value":"135","options":null,"properties":null,"name":"height"}],"properties":null,"name":"video_enabled"}]},{"__type":"optiongroup","name":"menuoptions","options":[{"__type":"option","value":"free","options":null,"properties":null,"name":"flow"},{"__type":"option","value":"true","options":null,"properties":null,"name":"wraplistitems"},{"__type":"option","value":"true","options":null,"properties":null,"name":"tooltips"},{"__type":"option","value":"true","options":null,"properties":null,"name":"autocollapse"},{"__type":"option","value":"false","options":null,"properties":null,"name":"autonumber"},{"__type":"option","value":"true","options":null,"properties":null,"name":"enableresultsicons"}]},{"__type":"optiongroup","name":"controls","options":[{"__type":"option","value":"false","options":null,"properties":null,"name":"volume"},{"__type":"option","value":"true","options":[{"__type":"option","value":"false","options":null,"properties":null,"name":"readonly"}],"properties":null,"name":"seekbar"},{"__type":"option","value":"true","options":null,"properties":null,"name":"pauseplay"},{"__type":"option","value":"true","options":null,"properties":null,"name":"replay"},{"__type":"option","value":"false","options":null,"properties":null,"name":"search"}]},{"__type":"optiongroup","name":"bottombaroptions","options":[{"__type":"option","value":"true","options":null,"properties":null,"name":"bottombar_enabled"}]}]},"control_layouts":[{"__type":"control_layout","name":"npnxnanbsnfns11111000001","control":[{"__type":"control","name":"volume","enabled":false},{"__type":"control","name":"seekbar","enabled":true},{"__type":"control","name":"replay","enabled":true},{"__type":"control","name":"pauseplay","enabled":true},{"__type":"control","name":"logo","enabled":true},{"__type":"control","name":"previous","enabled":false},{"__type":"control","name":"next","enabled":false},{"__type":"control","name":"swipeleft","enabled":false},{"__type":"control","name":"swiperight","enabled":false},{"__type":"control","name":"submit","enabled":true},{"__type":"control","name":"finish","enabled":false},{"__type":"control","name":"submitall","enabled":false},{"__type":"control","name":"resources","enabled":false},{"__type":"control","name":"glossary","enabled":false},{"__type":"control","name":"transcript","enabled":false},{"__type":"control","name":"outline","enabled":true,"controls":[{"__type":"control","name":"search","enabled":false}]},{"__type":"control","name":"close_btn","enabled":true}]},{"__type":"control_layout","name":"pxabnsnfns11111000001","control":[{"__type":"control","name":"volume","enabled":false},{"__type":"control","name":"seekbar","enabled":true},{"__type":"control","name":"replay","enabled":true},{"__type":"control","name":"pauseplay","enabled":true},{"__type":"control","name":"logo","enabled":true},{"__type":"control","name":"previous","enabled":true},{"__type":"control","name":"next","enabled":true},{"__type":"control","name":"swipeleft","enabled":true},{"__type":"control","name":"swiperight","enabled":true},{"__type":"control","name":"submit","enabled":false},{"__type":"control","name":"finish","enabled":false},{"__type":"control","name":"submitall","enabled":false},{"__type":"control","name":"resources","enabled":false},{"__type":"control","name":"glossary","enabled":false},{"__type":"control","name":"transcript","enabled":false},{"__type":"control","name":"outline","enabled":true,"controls":[{"__type":"control","name":"search","enabled":false}]},{"__type":"control","name":"close_btn","enabled":true}]},{"__type":"control_layout","name":"npxnabnsnfns11111000001","control":[{"__type":"control","name":"volume","enabled":false},{"__type":"control","name":"seekbar","enabled":true},{"__type":"control","name":"replay","enabled":true},{"__type":"control","name":"pauseplay","enabled":true},{"__type":"control","name":"logo","enabled":true},{"__type":"control","name":"previous","enabled":false},{"__type":"control","name":"next","enabled":true},{"__type":"control","name":"swipeleft","enabled":false},{"__type":"control","name":"swiperight","enabled":true},{"__type":"control","name":"submit","enabled":false},{"__type":"control","name":"finish","enabled":false},{"__type":"control","name":"submitall","enabled":false},{"__type":"control","name":"resources","enabled":false},{"__type":"control","name":"glossary","enabled":false},{"__type":"control","name":"transcript","enabled":false},{"__type":"control","name":"outline","enabled":true,"controls":[{"__type":"control","name":"search","enabled":false}]},{"__type":"control","name":"close_btn","enabled":true}]},{"__type":"control_layout","name":"npnxnanbnsnfns11111000001","control":[{"__type":"control","name":"volume","enabled":false},{"__type":"control","name":"seekbar","enabled":true},{"__type":"control","name":"replay","enabled":true},{"__type":"control","name":"pauseplay","enabled":true},{"__type":"control","name":"logo","enabled":true},{"__type":"control","name":"previous","enabled":false},{"__type":"control","name":"next","enabled":false},{"__type":"control","name":"swipeleft","enabled":false},{"__type":"control","name":"swiperight","enabled":false},{"__type":"control","name":"submit","enabled":false},{"__type":"control","name":"finish","enabled":false},{"__type":"control","name":"submitall","enabled":false},{"__type":"control","name":"resources","enabled":false},{"__type":"control","name":"glossary","enabled":false},{"__type":"control","name":"transcript","enabled":false},{"__type":"control","name":"outline","enabled":true,"controls":[{"__type":"control","name":"search","enabled":false}]},{"__type":"control","name":"close_btn","enabled":true}]},{"__type":"control_layout","name":"pxabnsnfns11111000000","control":[{"__type":"control","name":"volume","enabled":false},{"__type":"control","name":"seekbar","enabled":true},{"__type":"control","name":"replay","enabled":true},{"__type":"control","name":"pauseplay","enabled":true},{"__type":"control","name":"logo","enabled":true},{"__type":"control","name":"previous","enabled":true},{"__type":"control","name":"next","enabled":true},{"__type":"control","name":"swipeleft","enabled":true},{"__type":"control","name":"swiperight","enabled":true},{"__type":"control","name":"submit","enabled":false},{"__type":"control","name":"finish","enabled":false},{"__type":"control","name":"submitall","enabled":false},{"__type":"control","name":"resources","enabled":false},{"__type":"control","name":"glossary","enabled":false},{"__type":"control","name":"transcript","enabled":false},{"__type":"control","name":"outline","enabled":true,"controls":[{"__type":"control","name":"search","enabled":false}]},{"__type":"control","name":"close_btn","enabled":false}]}],"colorschemes":[{"__type":"colorscheme","name":"pxabnsnfns11111000001","color_group":[{"__type":"color_group","name":"infopanel","group_colors":[{"__type":"color","name":"link_text","fill":{"type":"linear","rotation":90,"colors":[{"__type":"color","rgb":"0x7C2280","alpha":100,"stop":0}]}},{"__type":"color","name":"link_hover","fill":{"type":"linear","rotation":90,"colors":[{"__type":"color","rgb":"0x0000EE","alpha":100,"stop":0}]}},{"__type":"color","name":"shadow","fill":{"type":"linear","rotation":90,"colors":[{"__type":"color","rgb":"0x6DA1CE","alpha":100,"stop":0}]}},{"__type":"color","name":"bg","fill":{"type":"linear","rotation":90,"colors":[{"__type":"color","rgb":"0xFFFFFF","alpha":100,"stop":0}]}},{"__type":"color","name":"name_text","fill":{"type":"linear","rotation":90,"colors":[{"__type":"color","rgb":"0x444444","alpha":100,"stop":0}]}},{"__type":"color","name":"title_text","fill":{"type":"linear","rotation":90,"colors":[{"__type":"color","rgb":"0x999999","alpha":100,"stop":0}]}}]},{"__type":"color_group","name":"infopanelpopup","group_colors":[{"__type":"color","name":"link_text","fill":{"type":"linear","rotation":90,"colors":[{"__type":"color","rgb":"0x000295","alpha":100,"stop":0}]}},{"__type":"color","name":"link_hover","fill":{"type":"linear","rotation":90,"colors":[{"__type":"color","rgb":"0xE2EEF8","alpha":100,"stop":0}]}},{"__type":"color","name":"bg","fill":{"type":"linear","rotation":90,"colors":[{"__type":"color","rgb":"0xD1E3F2","alpha":100,"stop":0},{"__type":"color","rgb":"0x9BC3E3","alpha":100,"stop":255}]}},{"__type":"color","name":"shadow","fill":{"type":"linear","rotation":90,"colors":[{"__type":"color","rgb":"0xB8B8B8","alpha":100,"stop":0}]}},{"__type":"color","name":"name_text","fill":{"type":"linear","rotation":90,"colors":[{"__type":"color","rgb":"0x125EAC","alpha":100,"stop":0}]}},{"__type":"color","name":"bio_text","fill":{"type":"linear","rotation":90,"colors":[{"__type":"color","rgb":"0x5189D8","alpha":100,"stop":0}]}}]},{"__type":"color_group","name":"timer","group_colors":[{"__type":"color","name":"duration","fill":{"type":"linear","rotation":90,"colors":[{"__type":"color","rgb":"0x00D7FF","alpha":100,"stop":0},{"__type":"color","rgb":"0x00ABFF","alpha":100,"stop":255}]}},{"__type":"color","name":"elapsed","fill":{"type":"linear","rotation":90,"colors":[{"__type":"color","rgb":"0xFEE347","alpha":100,"stop":0},{"__type":"color","rgb":"0xFCCC2A","alpha":100,"stop":255}]}},{"__type":"color","name":"stroke","fill":{"type":"linear","rotation":90,"colors":[{"__type":"color","rgb":"0xC7C7C7","alpha":100,"stop":0}]}},{"__type":"color","name":"inner","fill":{"type":"linear","rotation":90,"colors":[{"__type":"color","rgb":"0xFFFFFF","alpha":100,"stop":0}]}},{"__type":"color","name":"text","fill":{"type":"linear","rotation":90,"colors":[{"__type":"color","rgb":"0x0B5295","alpha":100,"stop":0}]}}]},{"__type":"color_group","name":"window","group_colors":[{"__type":"color","name":"text","fill":{"type":"linear","rotation":90,"colors":[{"__type":"color","rgb":"0x0B5295","alpha":100,"stop":0}]}},{"__type":"color","name":"inner","fill":{"type":"linear","rotation":90,"colors":[{"__type":"color","rgb":"0xD1E3F2","alpha":100,"stop":0},{"__type":"color","rgb":"0x9BC3E3","alpha":100,"stop":255}]}},{"__type":"color","name":"bg","fill":{"type":"linear","rotation":90,"colors":[{"__type":"color","rgb":"0xD6E6F3","alpha":100,"stop":0}]}},{"__type":"color","name":"diva","fill":{"type":"linear","rotation":90,"colors":[{"__type":"color","rgb":"0xFFFFFF","alpha":100,"stop":0}]}},{"__type":"color","name":"divb","fill":{"type":"linear","rotation":90,"colors":[{"__type":"color","rgb":"0x79A9D2","alpha":100,"stop":0}]}},{"__type":"color","name":"shadow","fill":{"type":"linear","rotation":90,"colors":[{"__type":"color","rgb":"0x000000","alpha":20,"stop":0}]}}]},{"__type":"color_group","name":"editor","group_colors":[{"__type":"color","name":"slide_text","fill":{"type":"linear","rotation":90,"colors":[{"__type":"color","rgb":"0x0B5295","alpha":100,"stop":0}]}},{"__type":"color","name":"html_text","fill":{"type":"linear","rotation":90,"colors":[{"__type":"color","rgb":"0x0B5295","alpha":100,"stop":0}]}},{"__type":"color","name":"btn_text_shadow","fill":{"type":"linear","rotation":90,"colors":[{"__type":"color","rgb":"0xFFFFFF","alpha":100,"stop":0}]}},{"__type":"color","name":"btn_text","fill":{"type":"linear","rotation":90,"colors":[{"__type":"color","rgb":"0x336AA3","alpha":100,"stop":0}]}},{"__type":"color","name":"btn_border","fill":{"type":"linear","rotation":90,"colors":[{"__type":"color","rgb":"0x6DA1CE","alpha":100,"stop":0}]}},{"__type":"color","name":"btn_hover","fill":{"type":"linear","rotation":90,"colors":[{"__type":"color","rgb":"0xE2EEF8","alpha":100,"stop":0},{"__type":"color","rgb":"0xABCCE7","alpha":100,"stop":255}]}},{"__type":"color","name":"btn_down","fill":{"type":"linear","rotation":90,"colors":[{"__type":"color","rgb":"0xB5D2EA","alpha":100,"stop":0},{"__type":"color","rgb":"0xD8E8F5","alpha":100,"stop":255}]}},{"__type":"color","name":"btn_bg","fill":{"type":"linear","rotation":90,"colors":[{"__type":"color","rgb":"0xD8E8F5","alpha":100,"stop":0},{"__type":"color","rgb":"0xB4D2EA","alpha":100,"stop":255}]}}]},{"__type":"color_group","name":"listitem","group_colors":[{"__type":"color","name":"selected","fill":{"type":"linear","rotation":90,"colors":[{"__type":"color","rgb":"0x8DBEE5","alpha":100,"stop":0}]}},{"__type":"color","name":"selected_text","fill":{"type":"linear","rotation":90,"colors":[{"__type":"color","rgb":"0xFFFFFF","alpha":100,"stop":0}]}},{"__type":"color","name":"text","fill":{"type":"linear","rotation":90,"colors":[{"__type":"color","rgb":"0x0B5295","alpha":100,"stop":0}]}},{"__type":"color","name":"hover","fill":{"type":"linear","rotation":90,"colors":[{"__type":"color","rgb":"0xB0D2ED","alpha":100,"stop":0}]}},{"__type":"color","name":"viewed","fill":{"type":"linear","rotation":90,"colors":[{"__type":"color","rgb":"0x74A4DE","alpha":100,"stop":0}]}},{"__type":"color","name":"shadow","fill":{"type":"linear","rotation":90,"colors":[{"__type":"color","rgb":"0x6DA1CE","alpha":100,"stop":0}]}},{"__type":"color","name":"lines","fill":{"type":"linear","rotation":90,"colors":[{"__type":"color","rgb":"0x8CBCE5","alpha":100,"stop":0}]}}]},{"__type":"color_group","name":"glossary","group_colors":[{"__type":"color","name":"selected_text","fill":{"type":"linear","rotation":90,"colors":[{"__type":"color","rgb":"0xFFFFFF","alpha":100,"stop":0}]}},{"__type":"color","name":"selected","fill":{"type":"linear","rotation":90,"colors":[{"__type":"color","rgb":"0x8DBEE5","alpha":100,"stop":0}]}},{"__type":"color","name":"text","fill":{"type":"linear","rotation":90,"colors":[{"__type":"color","rgb":"0x000295","alpha":100,"stop":0}]}},{"__type":"color","name":"hover","fill":{"type":"linear","rotation":90,"colors":[{"__type":"color","rgb":"0xB0D2ED","alpha":100,"stop":0}]}},{"__type":"color","name":"heading_text","fill":{"type":"linear","rotation":90,"colors":[{"__type":"color","rgb":"0x0B5295","alpha":100,"stop":0}]}},{"__type":"color","name":"diva","fill":{"type":"linear","rotation":90,"colors":[{"__type":"color","rgb":"0xACCFED","alpha":100,"stop":0}]}},{"__type":"color","name":"divb","fill":{"type":"linear","rotation":90,"colors":[{"__type":"color","rgb":"0xACCFED","alpha":100,"stop":0}]}},{"__type":"color","name":"divc","fill":{"type":"linear","rotation":90,"colors":[{"__type":"color","rgb":"0xE0EEF7","alpha":100,"stop":0}]}},{"__type":"color","name":"bg","fill":{"type":"linear","rotation":90,"colors":[{"__type":"color","rgb":"0xE0EDF6","alpha":100,"stop":0}]}}]},{"__type":"color_group","name":"resource","group_colors":[{"__type":"color","name":"separator","fill":{"type":"linear","rotation":90,"colors":[{"__type":"color","rgb":"0x92C0E6","alpha":100,"stop":0}]}}]},{"__type":"color_group","name":"outline","group_colors":[{"__type":"color","name":"search_hover","fill":{"type":"linear","rotation":90,"colors":[{"__type":"color","rgb":"0x125EAC","alpha":100,"stop":0}]}},{"__type":"color","name":"search_text","fill":{"type":"linear","rotation":90,"colors":[{"__type":"color","rgb":"0x5189D8","alpha":100,"stop":0}]}},{"__type":"color","name":"divc","fill":{"type":"linear","rotation":90,"colors":[{"__type":"color","rgb":"0xA0C8E9","alpha":100,"stop":0}]}},{"__type":"color","name":"divb","fill":{"type":"linear","rotation":90,"colors":[{"__type":"color","rgb":"0xD8E8F5","alpha":100,"stop":0}]}},{"__type":"color","name":"diva","fill":{"type":"linear","rotation":90,"colors":[{"__type":"color","rgb":"0xA0C8E9","alpha":100,"stop":0}]}}]},{"__type":"color_group","name":"transcript","group_colors":[{"__type":"color","name":"heading_text","fill":{"type":"linear","rotation":90,"colors":[{"__type":"color","rgb":"0x0B5295","alpha":100,"stop":0}]}},{"__type":"color","name":"div","fill":{"type":"linear","rotation":90,"colors":[{"__type":"color","rgb":"0x92C0E6","alpha":100,"stop":0}]}}]},{"__type":"color_group","name":"tabs","group_colors":[{"__type":"color","name":"shadow","fill":{"type":"linear","rotation":90,"colors":[{"__type":"color","rgb":"0xFCFDFE","alpha":100,"stop":0}]}},{"__type":"color","name":"hover","fill":{"type":"linear","rotation":90,"colors":[{"__type":"color","rgb":"0x0B5295","alpha":100,"stop":0}]}},{"__type":"color","name":"selected","fill":{"type":"linear","rotation":90,"colors":[{"__type":"color","rgb":"0xFFFFFF","alpha":100,"stop":0}]}},{"__type":"color","name":"text","fill":{"type":"linear","rotation":90,"colors":[{"__type":"color","rgb":"0x125EAC","alpha":100,"stop":0}]}},{"__type":"color","name":"bg","fill":{"type":"linear","rotation":90,"colors":[{"__type":"color","rgb":"0xFFFFFF","alpha":100,"stop":0}]}}]},{"__type":"color_group","name":"seekcontrol","group_colors":[{"__type":"color","name":"btn_icon_hover","fill":{"type":"linear","rotation":90,"colors":[{"__type":"color","rgb":"0x336AA3","alpha":100,"stop":0}]}},{"__type":"color","name":"btn_icon_shadow","fill":{"type":"linear","rotation":90,"colors":[{"__type":"color","rgb":"0xFFFFFF","alpha":100,"stop":0}]}},{"__type":"color","name":"btn_icon_color","fill":{"type":"linear","rotation":90,"colors":[{"__type":"color","rgb":"0x336AA3","alpha":100,"stop":0}]}},{"__type":"color","name":"seek_position","fill":{"type":"linear","rotation":90,"colors":[{"__type":"color","rgb":"0xFFFFFF","alpha":100,"stop":0}]}},{"__type":"color","name":"seek_bg","fill":{"type":"linear","rotation":90,"colors":[{"__type":"color","rgb":"0x8ABAE1","alpha":100,"stop":0}]}},{"__type":"color","name":"seek_border","fill":{"type":"linear","rotation":90,"colors":[{"__type":"color","rgb":"0x7AA9D2","alpha":100,"stop":0},{"__type":"color","rgb":"0xE7F1FA","alpha":100,"stop":255}]}},{"__type":"color","name":"border","fill":{"type":"linear","rotation":90,"colors":[{"__type":"color","rgb":"0x6DA1CE","alpha":100,"stop":0}]}},{"__type":"color","name":"bg","fill":{"type":"linear","rotation":90,"colors":[{"__type":"color","rgb":"0xD9E8F5","alpha":100,"stop":0},{"__type":"color","rgb":"0xB4D3EA","alpha":100,"stop":255}]}}]},{"__type":"color_group","name":"searchinput","group_colors":[{"__type":"color","name":"text_active","fill":{"type":"linear","rotation":90,"colors":[{"__type":"color","rgb":"0x2D2D2D","alpha":100,"stop":0}]}},{"__type":"color","name":"bg_active","fill":{"type":"linear","rotation":90,"colors":[{"__type":"color","rgb":"0xFFFFFF","alpha":100,"stop":0}]}},{"__type":"color","name":"search_text","fill":{"type":"linear","rotation":90,"colors":[{"__type":"color","rgb":"0x2D2D2D","alpha":100,"stop":0}]}},{"__type":"color","name":"hover_glow","fill":{"type":"linear","rotation":90,"colors":[{"__type":"color","rgb":"0xB1D1EA","alpha":0,"stop":0}]}},{"__type":"color","name":"button_hover","fill":{"type":"linear","rotation":90,"colors":[{"__type":"color","rgb":"0xD8E8F5","alpha":100,"stop":0},{"__type":"color","rgb":"0xB4D2EA","alpha":100,"stop":255}]}},{"__type":"color","name":"icon","fill":{"type":"linear","rotation":90,"colors":[{"__type":"color","rgb":"0x336AA3","alpha":100,"stop":0}]}},{"__type":"color","name":"border","fill":{"type":"linear","rotation":90,"colors":[{"__type":"color","rgb":"0xC9DFF1","alpha":100,"stop":0},{"__type":"color","rgb":"0x75A5D0","alpha":100,"stop":255}]}},{"__type":"color","name":"bg","fill":{"type":"linear","rotation":90,"colors":[{"__type":"color","rgb":"0xFFFFFF","alpha":100,"stop":0}]}}]},{"__type":"color_group","name":"scrollarea","group_colors":[{"__type":"color","name":"detailb","fill":{"type":"linear","rotation":90,"colors":[{"__type":"color","rgb":"0xD1E3F2","alpha":100,"stop":0}]}},{"__type":"color","name":"detaila","fill":{"type":"linear","rotation":90,"colors":[{"__type":"color","rgb":"0x5A8BB9","alpha":100,"stop":0}]}},{"__type":"color","name":"shadow","fill":{"type":"linear","rotation":90,"colors":[{"__type":"color","rgb":"0x6CA1CE","alpha":100,"stop":0}]}},{"__type":"color","name":"icons","fill":{"type":"linear","rotation":90,"colors":[{"__type":"color","rgb":"0xFFFFFF","alpha":100,"stop":0}]}},{"__type":"color","name":"button_border","fill":{"type":"linear","rotation":90,"colors":[{"__type":"color","rgb":"0x6CA1CE","alpha":100,"stop":0}]}},{"__type":"color","name":"button_inner","fill":{"type":"linear","rotation":90,"colors":[{"__type":"color","rgb":"0xB2D1E9","alpha":100,"stop":0},{"__type":"color","rgb":"0x9AC3E3","alpha":100,"stop":255}]}},{"__type":"color","name":"button_bg","fill":{"type":"linear","rotation":90,"colors":[{"__type":"color","rgb":"0xA8CAE7","alpha":100,"stop":0},{"__type":"color","rgb":"0x91BEE0","alpha":100,"stop":255}]}},{"__type":"color","name":"border","fill":{"type":"linear","rotation":90,"colors":[{"__type":"color","rgb":"0xE1EEF8","alpha":100,"stop":0},{"__type":"color","rgb":"0xE1EEF8","alpha":100,"stop":255}]}},{"__type":"color","name":"bg","fill":{"type":"linear","rotation":0,"colors":[{"__type":"color","rgb":"0xB1D0E9","alpha":100,"stop":0},{"__type":"color","rgb":"0xB8D4EB","alpha":100,"stop":128}]}}]},{"__type":"color_group","name":"menu","group_colors":[{"__type":"color","name":"shadow","fill":{"type":"linear","rotation":90,"colors":[{"__type":"color","rgb":"0xFFFFFF","alpha":100,"stop":0}]}},{"__type":"color","name":"bg","fill":{"type":"linear","rotation":90,"colors":[{"__type":"color","rgb":"0xFFFFFF","alpha":100,"stop":0}]}}]},{"__type":"color_group","name":"logo","group_colors":[{"__type":"color","name":"shadow","fill":{"type":"linear","rotation":90,"colors":[{"__type":"color","rgb":"0xFFFFFF","alpha":100,"stop":0}]}},{"__type":"color","name":"bg","fill":{"type":"linear","rotation":90,"colors":[{"__type":"color","rgb":"0xFFFFFF","alpha":100,"stop":0}]}}]},{"__type":"color_group","name":"checkbox","group_colors":[{"__type":"color","name":"hover","fill":{"type":"linear","rotation":90,"colors":[{"__type":"color","rgb":"0xB1D1EA","alpha":100,"stop":0}]}},{"__type":"color","name":"text","fill":{"type":"linear","rotation":90,"colors":[{"__type":"color","rgb":"0xFFFFFF","alpha":100,"stop":0}]}},{"__type":"color","name":"check","fill":{"type":"linear","rotation":90,"colors":[{"__type":"color","rgb":"0x2BC400","alpha":100,"stop":0}]}},{"__type":"color","name":"bg","fill":{"type":"linear","rotation":90,"colors":[{"__type":"color","rgb":"0xFFFFFF","alpha":100,"stop":0}]}},{"__type":"color","name":"border","fill":{"type":"linear","rotation":90,"colors":[{"__type":"color","rgb":"0x6CA1CE","alpha":100,"stop":0}]}}]},{"__type":"color_group","name":"button","group_colors":[{"__type":"color","name":"btn_icon_color","fill":{"type":"linear","rotation":90,"colors":[{"__type":"color","rgb":"0x336AA3","alpha":100,"stop":0}]}},{"__type":"color","name":"btn_text_shadow","fill":{"type":"linear","rotation":90,"colors":[{"__type":"color","rgb":"0xFFFFFF","alpha":100,"stop":0}]}},{"__type":"color","name":"btn_text","fill":{"type":"linear","rotation":90,"colors":[{"__type":"color","rgb":"0x336AA3","alpha":100,"stop":0}]}},{"__type":"color","name":"btn_border","fill":{"type":"linear","rotation":90,"colors":[{"__type":"color","rgb":"0x6DA1CE","alpha":100,"stop":0}]}},{"__type":"color","name":"btn_hover","fill":{"type":"linear","rotation":90,"colors":[{"__type":"color","rgb":"0xE2EEF8","alpha":100,"stop":0},{"__type":"color","rgb":"0xABCCE7","alpha":100,"stop":255}]}},{"__type":"color","name":"btn_down","fill":{"type":"linear","rotation":90,"colors":[{"__type":"color","rgb":"0xB5D2EA","alpha":100,"stop":0},{"__type":"color","rgb":"0xD8E8F5","alpha":100,"stop":255}]}},{"__type":"color","name":"btn_bg","fill":{"type":"linear","rotation":90,"colors":[{"__type":"color","rgb":"0xD8E8F5","alpha":100,"stop":0},{"__type":"color","rgb":"0xB4D2EA","alpha":100,"stop":255}]}},{"__type":"color","name":"btn_glow","fill":{"type":"linear","rotation":90,"colors":[{"__type":"color","rgb":"0xA5C9E7","alpha":10,"stop":0}]}}]},{"__type":"color_group","name":"base","group_colors":[{"__type":"color","name":"text","fill":{"type":"linear","rotation":90,"colors":[{"__type":"color","rgb":"0x0B5295","alpha":100,"stop":0}]}},{"__type":"color","name":"diva","fill":{"type":"linear","rotation":90,"colors":[{"__type":"color","rgb":"0xFFFFFF","alpha":100,"stop":0}]}},{"__type":"color","name":"divb","fill":{"type":"linear","rotation":90,"colors":[{"__type":"color","rgb":"0xFFFFFF","alpha":100,"stop":0}]}},{"__type":"color","name":"menu_shade","fill":{"type":"linear","rotation":90,"colors":[{"__type":"color","rgb":"0xFFFFFF","alpha":100,"stop":0},{"__type":"color","rgb":"0xFFFFFF","alpha":100,"stop":255}]}},{"__type":"color","name":"border","fill":{"type":"linear","rotation":90,"colors":[{"__type":"color","rgb":"0xFFFFFF","alpha":88,"stop":0},{"__type":"color","rgb":"0xFFFFFF","alpha":88,"stop":255}]}},{"__type":"color","name":"bg","fill":{"type":"linear","rotation":90,"colors":[{"__type":"color","rgb":"0xFFFFFF","alpha":100,"stop":0},{"__type":"color","rgb":"0xFFFFFF","alpha":100,"stop":255}]}},{"__type":"color","name":"slide_bg","fill":{"type":"linear","rotation":90,"colors":[{"__type":"color","rgb":"0xFFFFFF","alpha":100,"stop":0},{"__type":"color","rgb":"0xFFFFFF","alpha":100,"stop":255}]}}]},{"__type":"color_group","name":"volume","group_colors":[{"__type":"color","name":"thumb_border","fill":{"type":"linear","rotation":90,"colors":[{"__type":"color","rgb":"0x6CA1CE","alpha":100,"stop":0}]}},{"__type":"color","name":"thumb_inner","fill":{"type":"linear","rotation":90,"colors":[{"__type":"color","rgb":"0xB0D0E9","alpha":100,"stop":0}]}},{"__type":"color","name":"thumb_bg","fill":{"type":"linear","rotation":90,"colors":[{"__type":"color","rgb":"0xA3C8E6","alpha":100,"stop":0}]}},{"__type":"color","name":"slider_border","fill":{"type":"linear","rotation":90,"colors":[{"__type":"color","rgb":"0xDEEBF7","alpha":100,"stop":0}]}},{"__type":"color","name":"slider_bg","fill":{"type":"linear","rotation":90,"colors":[{"__type":"color","rgb":"0x9EC6E5","alpha":100,"stop":0},{"__type":"color","rgb":"0xA8CAE7","alpha":100,"stop":128},{"__type":"color","rgb":"0x9EC6E5","alpha":100,"stop":255}]}}]},{"__type":"color_group","name":"HTML","group_colors":[{"__type":"color","name":"htmlpage_bg_color","fill":{"type":"linear","rotation":90,"colors":[{"__type":"color","rgb":"0xFFFFFF","alpha":100,"stop":0}]}}]}]}],"string_tables":[{"__type":"string_table","name":"pxabnsnfns11111000001","string":[{"__type":"string","id":"check_include","Text":"Check to include"},{"__type":"string","id":"clear","Text":"Clear and return to menu"},{"__type":"string","id":"close","Text":"Close"},{"__type":"string","id":"continue","Text":"Continue"},{"__type":"string","id":"continueresponsive","Text":"Continue"},{"__type":"string","id":"exit","Text":"Exit"},{"__type":"string","id":"filter","Text":"Filter"},{"__type":"string","id":"finish","Text":"FINISH"},{"__type":"string","id":"acc_finish","Text":"finish"},{"__type":"string","id":"definition","Text":"Definition"},{"__type":"string","id":"acc_definition","Text":"definition"},{"__type":"string","id":"glossary","Text":"Glossary"},{"__type":"string","id":"terms","Text":"Terms"},{"__type":"string","id":"outline","Text":"Menu"},{"__type":"string","id":"disabled_orientation","Text":"Please rotate your device"},{"__type":"string","id":"next","Text":"NEXT"},{"__type":"string","id":"acc_next","Text":"next"},{"__type":"string","id":"transcript_chk","Text":"Notes"},{"__type":"string","id":"transcript","Text":"Notes"},{"__type":"string","id":"bio","Text":"Bio"},{"__type":"string","id":"more_info","Text":"More info"},{"__type":"string","id":"acc_pause","Text":"pause"},{"__type":"string","id":"acc_play","Text":"play"},{"__type":"string","id":"send_an_email","Text":"Send an email"},{"__type":"string","id":"prev","Text":"PREV"},{"__type":"string","id":"acc_previous","Text":"previous"},{"__type":"string","id":"question_list","Text":"Question List"},{"__type":"string","id":"acc_replay","Text":"replay"},{"__type":"string","id":"resources","Text":"Resources"},{"__type":"string","id":"acc_resources","Text":"resources"},{"__type":"string","id":"restart","Text":"Restart"},{"__type":"string","id":"search","Text":"Search..."},{"__type":"string","id":"acc_search_input","Text":"search"},{"__type":"string","id":"search_in","Text":"Search in:"},{"__type":"string","id":"search_results","Text":"Search Results"},{"__type":"string","id":"acc_skipnavigation","Text":"Skip navigation. Press enter to return to the slide."},{"__type":"string","id":"slide_text_chk","Text":"Slide Text"},{"__type":"string","id":"submitall","Text":"SUBMIT ALL"},{"__type":"string","id":"acc_submitall","Text":"submit all"},{"__type":"string","id":"submit","Text":"SUBMIT"},{"__type":"string","id":"acc_submit","Text":"submit"},{"__type":"string","id":"acc_volume","Text":"volume"}]}],"fonts":[{"name":"Open Sans FS","files":[{"bold":true,"italic":false,"file":"player-open-sansbcharset0.woff"},{"bold":false,"italic":false,"file":"player-open-sanscharset0.woff"}]}],"sounds":{"enabled":true,"sound":[]},"nav_data":{"outline":{"links":[{"__type":"slidelink","slideid":"_player.5ylJViCX45f.63fnRqT0AWS","slidetitle":"Untitled Slide","displaytext":"Giới thiệu","expand":false,"type":"slide","links":null},{"__type":"slidelink","slideid":"_player.5viSiVyf6m3.6JyDUbWAD81","slidetitle":"Untitled Slide","displaytext":"Mục tiêu bài học","expand":false,"type":"slide","links":null},{"__type":"slidelink","slideid":"_player.5nX1cNQD4J2","slidetitle":"","displaytext":"Nội dung bài học","expand":true,"type":"slide","links":[{"__type":"slidelink","slideid":"_player.5nX1cNQD4J2.5YmX82uOwkv","slidetitle":"Untitled Slide","displaytext":"Untitled Slide","expand":false,"type":"slide","links":null}]},{"__type":"slidelink","slideid":"_player.5ru1or21TJB","slidetitle":"","displaytext":"Bài tập củng cố","expand":true,"type":"slide","links":[{"__type":"slidelink","slideid":"_player.5ru1or21TJB.6D0sqaL9FFi","slidetitle":"Untitled Slide","displaytext":"Untitled Slide","expand":false,"type":"slide","links":null}]},{"__type":"slidelink","slideid":"_player.6M5MLaI3Ll9","slidetitle":"","displaytext":"Tài liệu tham khảo","expand":true,"type":"slide","links":[{"__type":"slidelink","slideid":"_player.6M5MLaI3Ll9.6hwfPA9LZre","slidetitle":"Untitled Slide","displaytext":"Untitled Slide","expand":false,"type":"slide","links":null}]}]},"search":null},"resource_data":{"description":"","resources":null},"transcript_data":{"slidetranscripts":null},"glossary_data":{"terms":null},"presenters":null}
