<?xml version="1.0" encoding="utf-8"?>
<manifest identifier="_5vzrtMvyTDb_course_id" version="1.0" xmlns="http://www.imsproject.org/xsd/imscp_rootv1p1p2" xmlns:adlcp="http://www.adlnet.org/xsd/adlcp_rootv1p2" xmlns:xsi="http://www.w3.org/2001/XMLSchema-instance" xsi:schemaLocation="http://www.imsproject.org/xsd/imscp_rootv1p1p2 imscp_rootv1p1p2.xsd http://www.imsglobal.org/xsd/imsmd_rootv1p2p1 imsmd_rootv1p2p1.xsd http://www.adlnet.org/xsd/adlcp_rootv1p2 adlcp_rootv1p2.xsd">
  <metadata>
    <schema>ADL SCORM</schema>
    <schemaversion>1.2</schemaversion>
    <lom xmlns="http://www.imsglobal.org/xsd/imsmd_rootv1p2p1" xmlns:xsi="http://www.w3.org/2001/XMLSchema-instance" xsi:schemaLocation="http://www.imsglobal.org/xsd/imsmd_rootv1p2p1 imsmd_rootv1p2p1.xsd">
      <general>
        <title>
          <langstring xml:lang="x-none">e-learning 2017</langstring>
        </title>
      </general>
      <lifecycle>
        <version>
          <langstring xml:lang="x-none">1</langstring>
        </version>
        <status>
          <source>
            <langstring xml:lang="x-none">LOMv1.0</langstring>
          </source>
          <value>
            <langstring xml:lang="x-none">Final</langstring>
          </value>
        </status>
      </lifecycle>
      <metametadata>
        <metadatascheme>ADL SCORM 1.2</metadatascheme>
      </metametadata>
      <educational>
        <typicallearningtime>
          <datetime>PT0H0M0S</datetime>
        </typicallearningtime>
      </educational>
      <rights>
        <cost>
          <source>
            <langstring xml:lang="x-none">LOMv1.0</langstring>
          </source>
          <value>
            <langstring xml:lang="x-none">yes</langstring>
          </value>
        </cost>
        <copyrightandotherrestrictions>
          <source>
            <langstring xml:lang="x-none">LOMv1.0</langstring>
          </source>
          <value>
            <langstring xml:lang="x-none">yes</langstring>
          </value>
        </copyrightandotherrestrictions>
      </rights>
    </lom>
  </metadata>
  <organizations default="e-learning_2017_ORG">
    <organization identifier="e-learning_2017_ORG">
      <title>e-learning 2017</title>
      <item identifier="e-learning_2017_SCO" isvisible="true" identifierref="__5vzrtMvyTDb_course_id_RES">
        <title>e-learning 2017</title>
      </item>
    </organization>
  </organizations>
  <resources>
    <resource identifier="__5vzrtMvyTDb_course_id_RES" type="webcontent" href="index_lms.html" adlcp:scormtype="sco">
      <file href="story_content/thumbnail.jpg" />
      <file href="story_content/WebObjects/6LuXF8Qbxxe/interaction.html" />
      <file href="story_content/WebObjects/6LuXF8Qbxxe/interaction.swf" />
      <file href="story_content/WebObjects/6LuXF8Qbxxe/interaction_flash.html" />
      <file href="story_content/WebObjects/6LuXF8Qbxxe/interaction_html5.html" />
      <file href="story_content/WebObjects/6LuXF8Qbxxe/meta.xml" />
      <file href="story_content/WebObjects/6LuXF8Qbxxe/html5/data/css/output.min.css" />
      <file href="story_content/WebObjects/6LuXF8Qbxxe/html5/data/fonts/open-sansbcharset1.woff" />
      <file href="story_content/WebObjects/6LuXF8Qbxxe/html5/data/fonts/open-sanscharset1.woff" />
      <file href="story_content/WebObjects/6LuXF8Qbxxe/html5/data/fonts/player-open-sansbcharset0.woff" />
      <file href="story_content/WebObjects/6LuXF8Qbxxe/html5/data/fonts/player-open-sanscharset0.woff" />
      <file href="story_content/WebObjects/6LuXF8Qbxxe/html5/data/fonts/wingdingscharset1.woff" />
      <file href="story_content/WebObjects/6LuXF8Qbxxe/html5/data/js/5iMeDnANt6n.js" />
      <file href="story_content/WebObjects/6LuXF8Qbxxe/html5/data/js/64HeeUyTx7S.js" />
      <file href="story_content/WebObjects/6LuXF8Qbxxe/html5/data/js/6BXGaLL7XTR.js" />
      <file href="story_content/WebObjects/6LuXF8Qbxxe/html5/data/js/6i1fKXwNreE.js" />
      <file href="story_content/WebObjects/6LuXF8Qbxxe/html5/data/js/6meYWFN5e7m.js" />
      <file href="story_content/WebObjects/6LuXF8Qbxxe/html5/data/js/6rXWvXjpF1u.js" />
      <file href="story_content/WebObjects/6LuXF8Qbxxe/html5/data/js/data.js" />
      <file href="story_content/WebObjects/6LuXF8Qbxxe/html5/data/js/frame.js" />
      <file href="story_content/WebObjects/6LuXF8Qbxxe/html5/data/js/paths.js" />
      <file href="story_content/WebObjects/6LuXF8Qbxxe/html5/lib/scripts/app.min.js" />
      <file href="story_content/WebObjects/6LuXF8Qbxxe/html5/lib/stylesheets/main.min.css" />
      <file href="story_content/WebObjects/6LuXF8Qbxxe/html5/lib/stylesheets/mobile-fonts/open-sans-bold.woff" />
      <file href="story_content/WebObjects/6LuXF8Qbxxe/html5/lib/stylesheets/mobile-fonts/open-sans-light.woff" />
      <file href="story_content/WebObjects/6LuXF8Qbxxe/html5/lib/stylesheets/mobile-fonts/open-sans-regular.woff" />
      <file href="story_content/WebObjects/6LuXF8Qbxxe/interaction_content/6eIzvDJKL4l.mp3" />
      <file href="story_content/WebObjects/6LuXF8Qbxxe/interaction_content/6frVf4gGPqY.mp3" />
      <file href="story_content/WebObjects/6LuXF8Qbxxe/interaction_content/6R3HO24wjvK.mp3" />
      <file href="story_content/WebObjects/6LuXF8Qbxxe/interaction_content/6YD6lpBJRAp_None_325183_DX650_DY650.jpg" />
      <file href="story_content/WebObjects/6LuXF8Qbxxe/interaction_content/6ZzYMJgMMlM_22050_160_0.mp3" />
      <file href="story_content/WebObjects/6LuXF8Qbxxe/interaction_content/blank.html" />
      <file href="story_content/WebObjects/6LuXF8Qbxxe/interaction_content/data.xml" />
      <file href="story_content/WebObjects/6LuXF8Qbxxe/interaction_content/FontFactory.swf" />
      <file href="story_content/WebObjects/6LuXF8Qbxxe/interaction_content/fonts.swf" />
      <file href="story_content/WebObjects/6LuXF8Qbxxe/interaction_content/frame.json" />
      <file href="story_content/WebObjects/6LuXF8Qbxxe/interaction_content/frame.swf" />
      <file href="story_content/WebObjects/6LuXF8Qbxxe/interaction_content/frame.xml" />
      <file href="story_content/WebObjects/6LuXF8Qbxxe/interaction_content/interaction.js" />
      <file href="story_content/WebObjects/6LuXF8Qbxxe/interaction_content/thumbnail.jpg" />
      <file href="story_content/WebObjects/6LuXF8Qbxxe/interaction_content/user.js" />
      <file href="story_content/WebObjects/6LuXF8Qbxxe/interaction_content/video_6rXz0dEEi0p_18_160_244x184.mp4" />
      <file href="story_content/WebObjects/6LuXF8Qbxxe/interaction_content/slides/5iMeDnANt6n.xml" />
      <file href="story_content/WebObjects/6LuXF8Qbxxe/interaction_content/slides/64HeeUyTx7S.xml" />
      <file href="story_content/WebObjects/6LuXF8Qbxxe/interaction_content/slides/6BXGaLL7XTR.xml" />
      <file href="story_content/WebObjects/6LuXF8Qbxxe/interaction_content/slides/6i1fKXwNreE.xml" />
      <file href="story_content/WebObjects/6LuXF8Qbxxe/interaction_content/slides/6meYWFN5e7m.xml" />
      <file href="story_content/WebObjects/6LuXF8Qbxxe/interaction_content/slides/6rXWvXjpF1u.xml" />
      <file href="story_content/WebObjects/6LuXF8Qbxxe/mobile/6YD6lpBJRAp_None_325183_DX650_DY650_CX325_CY183.jpg" />
      <file href="story_content/WebObjects/6LuXF8Qbxxe/mobile/video_6rXz0dEEi0p_18_160_244x184.jpg" />
      <file href="story_content/6LuXF8Qbxxe5tU6XAu3SdN{Width=720, Height=540}Light_80_DX1440_DY1440.jpg" />
      <file href="mobile/6LuXF8Qbxxe5tU6XAu3SdN{Width=720, Height=540}Light_80_DX1440_DY1440_CX720_CY540.jpg" />
      <file href="meta.xml" />
      <file href="story_content/FontFactory.swf" />
      <file href="story_content/fonts.swf" />
      <file href="html5/data/fonts/open-sansbcharset1.woff" />
      <file href="html5/data/fonts/open-sanscharset1.woff" />
      <file href="html5/data/fonts/times-new-romancharset1.woff" />
      <file href="html5/data/fonts/times-new-romanbcharset1.woff" />
      <file href="mobile/5sOaCB2kmWx.jpg" />
      <file href="story_content/logo.swf" />
      <file href="html5/data/fonts/player-open-sansbcharset0.woff" />
      <file href="html5/data/fonts/player-open-sanscharset0.woff" />
      <file href="story_content/frame.xml" />
      <file href="story_content/frame.json" />
      <file href="story_content/user.js" />
      <file href="story.swf" />
      <file href="story_content/frame.swf" />
      <file href="story_content/slides/63fnRqT0AWS.swf" />
      <file href="story_content/slides/6JyDUbWAD81.swf" />
      <file href="story_content/slides/5YmX82uOwkv.swf" />
      <file href="story_content/slides/6D0sqaL9FFi.swf" />
      <file href="story_content/slides/6hwfPA9LZre.swf" />
      <file href="story_content/data.swf" />
      <file href="html5/data/css/output.min.css" />
      <file href="html5/data/js/5YmX82uOwkv.js" />
      <file href="html5/data/js/63fnRqT0AWS.js" />
      <file href="html5/data/js/6D0sqaL9FFi.js" />
      <file href="html5/data/js/6hwfPA9LZre.js" />
      <file href="html5/data/js/6JyDUbWAD81.js" />
      <file href="html5/data/js/data.js" />
      <file href="html5/data/js/frame.js" />
      <file href="html5/data/js/paths.js" />
      <file href="html5/lib/scripts/app.min.js" />
      <file href="html5/lib/stylesheets/main.min.css" />
      <file href="html5/lib/stylesheets/mobile-fonts/open-sans-bold.woff" />
      <file href="html5/lib/stylesheets/mobile-fonts/open-sans-light.woff" />
      <file href="html5/lib/stylesheets/mobile-fonts/open-sans-regular.woff" />
      <file href="story.html" />
      <file href="story_flash.html" />
      <file href="story_html5.html" />
      <file href="story_content/blank.html" />
      <file href="story_content/story.js" />
      <file href="index_lms.html" />
      <file href="index_lms_html5.html" />
      <file href="index_lms_flash.html" />
      <file href="lms/AICCComm.html" />
      <file href="lms/AICCFunctions.js" />
      <file href="lms/API.js" />
      <file href="lms/APIConstants.js" />
      <file href="lms/blank.html" />
      <file href="lms/browsersniff.js" />
      <file href="lms/Configuration.js" />
      <file href="lms/goodbye.html" />
      <file href="lms/lms.js" />
      <file href="lms/LMSAPI.js" />
      <file href="lms/NONEFunctions.js" />
      <file href="lms/SCORM2004Functions.js" />
      <file href="lms/SCORMFunctions.js" />
      <file href="lms/UtilityFunctions.js" />
    </resource>
  </resources>
</manifest>