﻿<?xml version="1.0" encoding="utf-8"?><slide xmlns:xsi="http://www.w3.org/2001/XMLSchema-instance" xmlns:xsd="http://www.w3.org/2001/XMLSchema" id="5iMeDnANt6n" width="502" height="482" resume="false" usehandcursor="false" enableseek="true" enablereplay="true" lmsid="" starttime="-1" elapsedtimemode="normal" title="Điều chỉnh ngắt trang" trackviews="true" showmenuresulticon="false" viewgroupid="" historygroupid="" videozoom="" scrolling="false" transition="appear" transduration="0" transdir="1" wipetrans="false" slidelock="false" navindex="-1" globalaudioid="" thumbnailid="" showanimationid=""><events><ontransitionin><actions><if_action><condition><compare operator="eq" valuea="WindowId" typea="property" valueb="_frame" typeb="string" /></condition><then_actions><set_frame_layout name="pxnanbnsnfns00000000101" /></then_actions><else_actions><set_window_control_layout name="pxnanbnsnfns00000000101" /></else_actions></if_action></actions></ontransitionin></events><background type="vector"><vectordata left="-2" top="-2" right="497" bottom="477" pngfb="false"><pr l="Lib" i="10" /></vectordata></background><timeline duration="16798"><events><event time="0"><actions><show transition="custom" duration="0" direction="0" animationid="Entrance" reverse="false"><objref type="string" value=".StepTitle2" /></show><show transition="appear" duration="0" direction="0"><objref type="string" value="ContentContainer" /></show><show transition="custom" duration="0" direction="0" animationid="Entrance" reverse="false"><objref type="string" value=".ContentContainer.Text2" /></show><show transition="appear" duration="0" direction="0"><objref type="string" value=".ContentContainer.ContentGroup" /></show><show transition="custom" duration="0" direction="0" animationid="Entrance" reverse="false"><objref type="string" value=".ContentContainer.ContentGroup.ContentBorder" /></show><show transition="custom" duration="0" direction="0" animationid="Entrance" reverse="false"><objref type="string" value=".ContentContainer.ContentGroup.Content" /></show><media_play><objref type="string" value="ContentContainer.ContentGroup.Content" /></media_play></actions></event></events></timeline><objects><vectorshape id="StepTitle2" width="469" height="23" resume="false" usehandcursor="true" shapemaskid="" xpos="14" ypos="14" tabindex="0" tabenabled="true" xoffset="0" yoffset="0" rotatexpos="234.5" rotateypos="11.5" xscale="100" yscale="100" alpha="100" rotation="0" depth="1" scrolling="true" shufflelock="false" acctype="text" defaultaction=""><data hotlinkid="" accstate="0"><vectordata left="0" top="-1" right="483" bottom="37" alttext="Điều chỉnh ngắt trang" pngfb="false"><pr l="Lib" i="11" /></vectordata></data><animations><animation id="Entrance" duration="0" hidetextatstart="true" animateshapewithtext="false"><tweens><tween time="0" duration="0"><alpha duration="0" easing="linear" easingdir="easein"><path><segment start="0" dstart="0" end="100" dend="0" /></path></alpha></tween></tweens></animation></animations><textlib><textdata uniqueId="6l28HACfMH1_StepTitle2_StepTitle22" id="01" linkid="StepTitle22" type="vectortext" alttext="Điều chỉnh ngắt trang" xpos="0" ypos="0" width="0" height="0" shadowindex="-1"><vectortext left="0" top="-1" right="195" bottom="25" pngfb="false"><pr l="Lib" i="18" /></vectortext></textdata></textlib></vectorshape><objgroup id="ContentContainer" width="469" height="406" resume="false" usehandcursor="true" shapemaskid="" xpos="14" ypos="57" tabindex="1" tabenabled="false" xoffset="0" yoffset="0" rotatexpos="234.5" rotateypos="203" xscale="100" yscale="100" alpha="100" rotation="0" depth="2" scrolling="true" shufflelock="false" acctype="text"><objects><objgroup id="ContentGroup" width="244" height="183" resume="false" usehandcursor="true" shapemaskid="" xpos="112" ypos="0" tabindex="2" tabenabled="false" xoffset="0" yoffset="0" rotatexpos="122" rotateypos="91.5" xscale="100" yscale="100" alpha="100" rotation="0" depth="1" scrolling="true" shufflelock="false" acctype="text"><animations><animation id="Entrance" duration="0" hidetextatstart="true" animateshapewithtext="false"><tweens><tween time="0" duration="0"><alpha duration="0" easing="linear" easingdir="easein"><path><segment start="0" dstart="0" end="100" dend="0" /></path></alpha></tween></tweens></animation></animations><objects><vectorshape id="ContentBorder" width="244" height="183" resume="false" usehandcursor="true" shapemaskid="" xpos="0" ypos="0" tabindex="3" tabenabled="false" xoffset="0" yoffset="0" rotatexpos="122" rotateypos="91.5" xscale="100" yscale="100" alpha="100" rotation="0" depth="1" scrolling="true" shufflelock="false" acctype="text" defaultaction=""><data hotlinkid="" accstate="0"><vectordata left="0" top="0" right="244" bottom="183" pngfb="false"><pr l="Lib" i="19" /></vectordata></data><animations><animation id="Entrance" duration="0" hidetextatstart="true" animateshapewithtext="false"><tweens><tween time="0" duration="0"><alpha duration="0" easing="linear" easingdir="easein"><path><segment start="0" dstart="0" end="100" dend="0" /></path></alpha></tween></tweens></animation></animations></vectorshape><video id="Content" width="244" height="183" resume="false" usehandcursor="true" shapemaskid="" xpos="0" ypos="0" tabindex="4" tabenabled="true" xoffset="0" yoffset="0" rotatexpos="122" rotateypos="91.5" xscale="100" yscale="100" alpha="100" rotation="0" depth="2" scrolling="true" shufflelock="false" captureanimation="false" maskwidth="0" maskheight="0" playwithanimation="false" autoplay="false" showcontrols="false" autorewind="false" loop="false" usedefaultcontrols="false" acctype="image" defaultaction="onrelease"><events><onrelease><actions><media_toggle><objref type="string" value="_this" /></media_toggle></actions></onrelease></events><data hotlinkid="" accstate="0"><videodata assetId="5" posterAssetId="6" progindex="prog_index.m3u8" lmstext="" playgroupid="" /></data><animations><animation id="Entrance" duration="0" hidetextatstart="true" animateshapewithtext="false"><tweens><tween time="0" duration="0"><alpha duration="0" easing="linear" easingdir="easein"><path><segment start="0" dstart="0" end="100" dend="0" /></path></alpha></tween></tweens></animation></animations></video></objects></objgroup><vectorshape id="Text2" width="469" height="203" resume="false" usehandcursor="true" shapemaskid="" xpos="0" ypos="203" tabindex="5" tabenabled="true" xoffset="0" yoffset="0" rotatexpos="234.5" rotateypos="101.5" xscale="100" yscale="100" alpha="100" rotation="0" depth="2" scrolling="true" shufflelock="false" acctype="text" defaultaction=""><data hotlinkid="" accstate="0"><vectordata left="0" top="0" right="356" bottom="183" alttext="Kiến thức&#xA;Làm thế nào để biết dấu ngắt trang&#xA;Kỹ năng&#xA;Thao tác dấu ngắt trang" pngfb="false"><pr l="Lib" i="11" /></vectordata></data><animations><animation id="Entrance" duration="0" hidetextatstart="true" animateshapewithtext="false"><tweens><tween time="0" duration="0"><alpha duration="0" easing="linear" easingdir="easein"><path><segment start="0" dstart="0" end="100" dend="0" /></path></alpha></tween></tweens></animation></animations><textlib><textdata uniqueId="6l28HACfMH1_Text2_Text22" id="01" linkid="Text22" type="vectortext" alttext="&lt;Document xmlns:xsi=&quot;http://www.w3.org/2001/XMLSchema-instance&quot; xmlns:xsd=&quot;http://www.w3.org/2001/XMLSchema&quot;&gt;&#xD;&#xA;  &lt;Content&gt;&#xD;&#xA;    &lt;Block&gt;&#xD;&#xA;      &lt;Style LeadingMargin=&quot;36&quot; FirstLineMargin=&quot;0&quot;&gt;&#xD;&#xA;        &lt;ListStyle ListType=&quot;ListNumberedAsArabic&quot; ListTypeFormat=&quot;Period&quot; BulletChar=&quot;•&quot; BulletFont=&quot;Arial&quot;&gt;&#xD;&#xA;          &lt;BulletPicture Size=&quot;0x0&quot; /&gt;&#xD;&#xA;        &lt;/ListStyle&gt;&#xD;&#xA;      &lt;/Style&gt;&#xD;&#xA;      &lt;Span Text=&quot;Kiến thức&amp;#xA;&quot; /&gt;&#xD;&#xA;    &lt;/Block&gt;&#xD;&#xA;    &lt;Block&gt;&#xD;&#xA;      &lt;Style LeadingMargin=&quot;72&quot; FirstLineMargin=&quot;36&quot; ListLevel=&quot;1&quot;&gt;&#xD;&#xA;        &lt;ListStyle ListType=&quot;Bullet&quot; ListTypeFormat=&quot;Plain&quot; BulletChar=&quot;Ø&quot; BulletFont=&quot;Wingdings&quot;&gt;&#xD;&#xA;          &lt;BulletPicture Size=&quot;0x0&quot; /&gt;&#xD;&#xA;        &lt;/ListStyle&gt;&#xD;&#xA;      &lt;/Style&gt;&#xD;&#xA;      &lt;Span Text=&quot;Làm thế nào để biết dấu ngắt trang&amp;#xA;&quot; /&gt;&#xD;&#xA;    &lt;/Block&gt;&#xD;&#xA;    &lt;Block&gt;&#xD;&#xA;      &lt;Style LeadingMargin=&quot;36&quot; FirstLineMargin=&quot;0&quot;&gt;&#xD;&#xA;        &lt;ListStyle ListType=&quot;ListNumberedAsArabic&quot; ListTypeFormat=&quot;Period&quot; BulletChar=&quot;•&quot; BulletFont=&quot;Arial&quot;&gt;&#xD;&#xA;          &lt;BulletPicture Size=&quot;0x0&quot; /&gt;&#xD;&#xA;        &lt;/ListStyle&gt;&#xD;&#xA;      &lt;/Style&gt;&#xD;&#xA;      &lt;Span Text=&quot;Kỹ năng&amp;#xA;&quot; /&gt;&#xD;&#xA;    &lt;/Block&gt;&#xD;&#xA;    &lt;Block&gt;&#xD;&#xA;      &lt;Style LeadingMargin=&quot;72&quot; FirstLineMargin=&quot;36&quot; ListLevel=&quot;1&quot;&gt;&#xD;&#xA;        &lt;ListStyle ListType=&quot;Bullet&quot; ListTypeFormat=&quot;Plain&quot; BulletChar=&quot;Ø&quot; BulletFont=&quot;Wingdings&quot;&gt;&#xD;&#xA;          &lt;BulletPicture Size=&quot;0x0&quot; /&gt;&#xD;&#xA;        &lt;/ListStyle&gt;&#xD;&#xA;      &lt;/Style&gt;&#xD;&#xA;      &lt;Span Text=&quot;Thao tác dấu ngắt trang&quot; /&gt;&#xD;&#xA;    &lt;/Block&gt;&#xD;&#xA;  &lt;/Content&gt;&#xD;&#xA;&lt;/Document&gt;" xpos="0" ypos="0" width="0" height="0" shadowindex="-1"><vectortext left="0" top="0" right="314" bottom="88" pngfb="false"><pr l="Lib" i="20" /></vectortext></textdata></textlib></vectorshape></objects></objgroup></objects><presenterref id="none" /></slide>