﻿<?xml version="1.0" encoding="utf-8"?><slide xmlns:xsi="http://www.w3.org/2001/XMLSchema-instance" xmlns:xsd="http://www.w3.org/2001/XMLSchema" id="64HeeUyTx7S" width="502" height="482" resume="false" usehandcursor="false" enableseek="true" enablereplay="true" lmsid="" starttime="-1" elapsedtimemode="normal" title="In trang tính" trackviews="true" showmenuresulticon="false" viewgroupid="" historygroupid="" videozoom="" scrolling="false" transition="appear" transduration="0" transdir="1" wipetrans="false" slidelock="false" navindex="-1" globalaudioid="" thumbnailid="" showanimationid=""><events><ontransitionin><actions><if_action><condition><compare operator="eq" valuea="WindowId" typea="property" valueb="_frame" typeb="string" /></condition><then_actions><set_frame_layout name="pxnanbnsnfns00000000101" /></then_actions><else_actions><set_window_control_layout name="pxnanbnsnfns00000000101" /></else_actions></if_action><exe_actiongroup id="_player.5bGEugQSvgu.UpdatePrevNextButtonState" /></actions></ontransitionin></events><background type="vector"><vectordata left="-2" top="-2" right="497" bottom="477" pngfb="false"><pr l="Lib" i="10" /></vectordata></background><timeline duration="5000"><events><event time="0"><actions><show transition="custom" duration="0" direction="0" animationid="Entrance" reverse="false"><objref type="string" value=".StepTitle4" /></show><show transition="appear" duration="0" direction="0"><objref type="string" value="ContentContainer" /></show><show transition="custom" duration="0" direction="0" animationid="Entrance" reverse="false"><objref type="string" value=".ContentContainer.Text4" /></show></actions></event></events></timeline><objects><vectorshape id="StepTitle4" width="469" height="23" resume="false" usehandcursor="true" shapemaskid="" xpos="14" ypos="14" tabindex="0" tabenabled="true" xoffset="0" yoffset="0" rotatexpos="234.5" rotateypos="11.5" xscale="100" yscale="100" alpha="100" rotation="0" depth="1" scrolling="true" shufflelock="false" acctype="text" defaultaction=""><data hotlinkid="" accstate="0"><vectordata left="0" top="-1" right="483" bottom="37" alttext="In trang tính" pngfb="false"><pr l="Lib" i="11" /></vectordata></data><animations><animation id="Entrance" duration="0" hidetextatstart="true" animateshapewithtext="false"><tweens><tween time="0" duration="0"><alpha duration="0" easing="linear" easingdir="easein"><path><segment start="0" dstart="0" end="100" dend="0" /></path></alpha></tween></tweens></animation></animations><textlib><textdata uniqueId="6l28HACfMH1_StepTitle4_StepTitle44" id="01" linkid="StepTitle44" type="vectortext" alttext="In trang tính" xpos="0" ypos="0" width="0" height="0" shadowindex="-1"><vectortext left="0" top="-1" right="111" bottom="25" pngfb="false"><pr l="Lib" i="22" /></vectortext></textdata></textlib></vectorshape><objgroup id="ContentContainer" width="469" height="406" resume="false" usehandcursor="true" shapemaskid="" xpos="14" ypos="57" tabindex="1" tabenabled="false" xoffset="0" yoffset="0" rotatexpos="234.5" rotateypos="203" xscale="100" yscale="100" alpha="100" rotation="0" depth="2" scrolling="true" shufflelock="false" acctype="text"><objects><vectorshape id="Text4" width="469" height="406" resume="false" usehandcursor="true" shapemaskid="" xpos="0" ypos="0" tabindex="2" tabenabled="true" xoffset="0" yoffset="0" rotatexpos="234.5" rotateypos="203" xscale="100" yscale="100" alpha="100" rotation="0" depth="1" scrolling="true" shufflelock="false" acctype="text" defaultaction=""><data hotlinkid="" accstate="0"><vectordata left="0" top="0" right="483" bottom="463" alttext="Kiến thức&#xA;Làm thế nào để biết dấu ngắt trang&#xA;Kỹ năng&#xA;Thao tác dấu ngắt trang" pngfb="false"><pr l="Lib" i="11" /></vectordata></data><animations><animation id="Entrance" duration="0" hidetextatstart="true" animateshapewithtext="false"><tweens><tween time="0" duration="0"><alpha duration="0" easing="linear" easingdir="easein"><path><segment start="0" dstart="0" end="100" dend="0" /></path></alpha></tween></tweens></animation></animations><textlib><textdata uniqueId="6l28HACfMH1_Text4_Text44" id="01" linkid="Text44" type="vectortext" alttext="&lt;Document xmlns:xsi=&quot;http://www.w3.org/2001/XMLSchema-instance&quot; xmlns:xsd=&quot;http://www.w3.org/2001/XMLSchema&quot;&gt;&#xD;&#xA;  &lt;Content&gt;&#xD;&#xA;    &lt;Block&gt;&#xD;&#xA;      &lt;Style LeadingMargin=&quot;36&quot; FirstLineMargin=&quot;0&quot;&gt;&#xD;&#xA;        &lt;ListStyle ListType=&quot;ListNumberedAsArabic&quot; ListTypeFormat=&quot;Period&quot; BulletChar=&quot;•&quot; BulletFont=&quot;Arial&quot;&gt;&#xD;&#xA;          &lt;BulletPicture Size=&quot;0x0&quot; /&gt;&#xD;&#xA;        &lt;/ListStyle&gt;&#xD;&#xA;      &lt;/Style&gt;&#xD;&#xA;      &lt;Span Text=&quot;Kiến thức&amp;#xA;&quot; /&gt;&#xD;&#xA;    &lt;/Block&gt;&#xD;&#xA;    &lt;Block&gt;&#xD;&#xA;      &lt;Style LeadingMargin=&quot;72&quot; FirstLineMargin=&quot;36&quot; ListLevel=&quot;1&quot;&gt;&#xD;&#xA;        &lt;ListStyle ListType=&quot;Bullet&quot; ListTypeFormat=&quot;Plain&quot; BulletChar=&quot;Ø&quot; BulletFont=&quot;Wingdings&quot;&gt;&#xD;&#xA;          &lt;BulletPicture Size=&quot;0x0&quot; /&gt;&#xD;&#xA;        &lt;/ListStyle&gt;&#xD;&#xA;      &lt;/Style&gt;&#xD;&#xA;      &lt;Span Text=&quot;Làm thế nào để biết dấu ngắt trang&amp;#xA;&quot; /&gt;&#xD;&#xA;    &lt;/Block&gt;&#xD;&#xA;    &lt;Block&gt;&#xD;&#xA;      &lt;Style LeadingMargin=&quot;36&quot; FirstLineMargin=&quot;0&quot;&gt;&#xD;&#xA;        &lt;ListStyle ListType=&quot;ListNumberedAsArabic&quot; ListTypeFormat=&quot;Period&quot; BulletChar=&quot;•&quot; BulletFont=&quot;Arial&quot;&gt;&#xD;&#xA;          &lt;BulletPicture Size=&quot;0x0&quot; /&gt;&#xD;&#xA;        &lt;/ListStyle&gt;&#xD;&#xA;      &lt;/Style&gt;&#xD;&#xA;      &lt;Span Text=&quot;Kỹ năng&amp;#xA;&quot; /&gt;&#xD;&#xA;    &lt;/Block&gt;&#xD;&#xA;    &lt;Block&gt;&#xD;&#xA;      &lt;Style LeadingMargin=&quot;72&quot; FirstLineMargin=&quot;36&quot; ListLevel=&quot;1&quot;&gt;&#xD;&#xA;        &lt;ListStyle ListType=&quot;Bullet&quot; ListTypeFormat=&quot;Plain&quot; BulletChar=&quot;Ø&quot; BulletFont=&quot;Wingdings&quot;&gt;&#xD;&#xA;          &lt;BulletPicture Size=&quot;0x0&quot; /&gt;&#xD;&#xA;        &lt;/ListStyle&gt;&#xD;&#xA;      &lt;/Style&gt;&#xD;&#xA;      &lt;Span Text=&quot;Thao tác dấu ngắt trang&quot; /&gt;&#xD;&#xA;    &lt;/Block&gt;&#xD;&#xA;  &lt;/Content&gt;&#xD;&#xA;&lt;/Document&gt;" xpos="0" ypos="0" width="0" height="0" shadowindex="-1"><vectortext left="0" top="0" right="314" bottom="88" pngfb="false"><pr l="Lib" i="20" /></vectortext></textdata></textlib></vectorshape></objects></objgroup></objects><presenterref id="none" /></slide>