﻿<?xml version="1.0" encoding="utf-8"?><slide xmlns:xsi="http://www.w3.org/2001/XMLSchema-instance" xmlns:xsd="http://www.w3.org/2001/XMLSchema" id="6i1fKXwNreE" width="720" height="540" resume="true" usehandcursor="false" enableseek="false" enablereplay="false" lmsid="" starttime="-1" elapsedtimemode="ignore" title="Accordion" trackviews="false" showmenuresulticon="false" viewgroupid="" historygroupid="" videozoom="" scrolling="false" transition="appear" transduration="0" transdir="1" wipetrans="false" slidelock="false" navindex="-1" globalaudioid="" thumbnailid="" showanimationid=""><actiongroups><actiongroup id="StepBackward"><actions><if_action><condition><compare operator="gt" valuea="_player.5bGEugQSvgu.CurrentStep" typea="var" valueb="0" typeb="number" /></condition><then_actions><adjustvar variable="_player.5bGEugQSvgu.CurrentStep" operator="sub"><value type="number" value="1" /></adjustvar></then_actions><else_actions><trigger_host_event eventname="PrevSlide" /></else_actions></if_action></actions></actiongroup><actiongroup id="StepForward"><actions><if_action><condition><compare operator="lt" valuea="_player.5bGEugQSvgu.CurrentStep" typea="var" valueb="4" typeb="number" /></condition><then_actions><adjustvar variable="_player.5bGEugQSvgu.CurrentStep" operator="add"><value type="number" value="1" /></adjustvar></then_actions><else_actions><trigger_host_event eventname="NextSlide" /></else_actions></if_action></actions></actiongroup></actiongroups><events><ontransitionin><actions><if_action><condition><compare operator="eq" valuea="WindowId" typea="property" valueb="_frame" typeb="string" /></condition><then_actions><set_frame_layout name="pxnanbnsnfns00000000101" /></then_actions><else_actions><set_window_control_layout name="pxnanbnsnfns00000000101" /></else_actions></if_action></actions></ontransitionin><onprevslide><actions><exe_actiongroup id="StepBackward" /></actions></onprevslide><onnextslide><actions><exe_actiongroup id="StepForward" /></actions></onnextslide><onvarchanged varname="_player.5bGEugQSvgu.CurrentStep" priority="-1"><actions><save_resume_data><slideref type="string" value="_player.5bGEugQSvgu.6i1fKXwNreE" /></save_resume_data><exe_actiongroup id="_player.5bGEugQSvgu.UpdatePrevNextButtonState" /></actions></onvarchanged><onslidestart><actions><show_slidelayer transition="appear" duration="0" direction="0" hideothers="never"><objref type="string" value="Sliders" /></show_slidelayer><exe_actiongroup id="_player.5bGEugQSvgu.UpdatePrevNextButtonState" /></actions></onslidestart></events><background type="vector"><vectordata left="0" top="0" right="720" bottom="540" pngfb="false"><pr l="Lib" i="0" /></vectordata></background><timeline duration="2147483647"><events><event time="0"><actions><show transition="custom" duration="0" direction="0" animationid="Entrance" reverse="false"><objref type="string" value=".ContentArea" /></show></actions></event></events></timeline><objects><vectorshape id="ContentArea" width="688" height="509" resume="false" usehandcursor="true" shapemaskid="" xpos="16" ypos="16" tabindex="0" tabenabled="false" xoffset="0" yoffset="0" rotatexpos="344" rotateypos="254.5" xscale="100" yscale="100" alpha="100" rotation="0" depth="1" scrolling="true" shufflelock="false" acctype="text" defaultaction=""><data hotlinkid="" accstate="0"><vectordata left="16" top="16" right="704" bottom="525" pngfb="false"><pr l="Lib" i="1" /></vectordata></data><animations><animation id="Entrance" duration="0" hidetextatstart="true" animateshapewithtext="false"><tweens><tween time="0" duration="0"><alpha duration="0" easing="linear" easingdir="easein"><path><segment start="0" dstart="0" end="100" dend="0" /></path></alpha></tween></tweens></animation></animations></vectorshape></objects><audiolib><audio id="Select" assetId="0" /><audio id="ZoomOpen" assetId="1" /><audio id="ZoomClose" assetId="2" /></audiolib><presenterref id="none" /><slidelayers><slidelayer id="Sliders" width="720" height="540" resume="false" usehandcursor="false" enableseek="true" enablereplay="true" lmsid="" starttime="-1" elapsedtimemode="normal" depth="2147483647" modal="false" pauseparent="false" rotatexpos="360" rotateypos="270" tabindex="1"><actiongroups><actiongroup id="ChangeStep"><actions><if_action><condition><compare operator="gte" valuea="_player.5bGEugQSvgu.CurrentStep" typea="var" valueb="0" typeb="number" /></condition><then_actions><media_play><objref type="string" value="_player.5bGEugQSvgu.6i1fKXwNreE.Select" /></media_play></then_actions></if_action><if_action><condition><compare operator="eq" valuea="_player.5bGEugQSvgu.CurrentStep" typea="var" valueb="0" typeb="number" /></condition><then_actions><exe_actiongroup id="Introduction.Expand" /></then_actions><else_actions><exe_actiongroup id="Introduction.Collapse" /></else_actions></if_action><if_action><condition><compare operator="eq" valuea="_player.5bGEugQSvgu.CurrentStep" typea="var" valueb="1" typeb="number" /></condition><then_actions><exe_actiongroup id="Slider0.Expand" /></then_actions><else_actions><exe_actiongroup id="Slider0.Collapse" /></else_actions></if_action><if_action><condition><compare operator="lt" valuea="_player.5bGEugQSvgu.CurrentStep" typea="var" valueb="1" typeb="number" /></condition><then_actions><exe_actiongroup id="Slider0.OpenSlider" /></then_actions><else_actions><exe_actiongroup id="Slider0.CloseSlider" /></else_actions></if_action><if_action><condition><compare operator="eq" valuea="_player.5bGEugQSvgu.CurrentStep" typea="var" valueb="2" typeb="number" /></condition><then_actions><exe_actiongroup id="Slider1.Expand" /></then_actions><else_actions><exe_actiongroup id="Slider1.Collapse" /></else_actions></if_action><if_action><condition><compare operator="lt" valuea="_player.5bGEugQSvgu.CurrentStep" typea="var" valueb="2" typeb="number" /></condition><then_actions><exe_actiongroup id="Slider1.OpenSlider" /></then_actions><else_actions><exe_actiongroup id="Slider1.CloseSlider" /></else_actions></if_action><if_action><condition><compare operator="eq" valuea="_player.5bGEugQSvgu.CurrentStep" typea="var" valueb="3" typeb="number" /></condition><then_actions><exe_actiongroup id="Slider2.Expand" /></then_actions><else_actions><exe_actiongroup id="Slider2.Collapse" /></else_actions></if_action><if_action><condition><compare operator="lt" valuea="_player.5bGEugQSvgu.CurrentStep" typea="var" valueb="3" typeb="number" /></condition><then_actions><exe_actiongroup id="Slider2.OpenSlider" /></then_actions><else_actions><exe_actiongroup id="Slider2.CloseSlider" /></else_actions></if_action><if_action><condition><compare operator="eq" valuea="_player.5bGEugQSvgu.CurrentStep" typea="var" valueb="4" typeb="number" /></condition><then_actions><exe_actiongroup id="Slider3.Expand" /></then_actions><else_actions><exe_actiongroup id="Slider3.Collapse" /></else_actions></if_action><if_action><condition><compare operator="lt" valuea="_player.5bGEugQSvgu.CurrentStep" typea="var" valueb="4" typeb="number" /></condition><then_actions><exe_actiongroup id="Slider3.OpenSlider" /></then_actions><else_actions><exe_actiongroup id="Slider3.CloseSlider" /></else_actions></if_action></actions></actiongroup><actiongroup id="InitialSetupActionGroup"><actions><exe_actiongroup id="Slider0.CurrentStepChangedActionGroup" /><exe_actiongroup id="Slider1.CurrentStepChangedActionGroup" /><exe_actiongroup id="Slider2.CurrentStepChangedActionGroup" /><exe_actiongroup id="Slider3.CurrentStepChangedActionGroup" /><if_action><condition><compare operator="noteq" valuea="_player.5bGEugQSvgu.CurrentStep" typea="var" valueb="0" typeb="number" /></condition><then_actions><exe_actiongroup id="ChangeStep" /></then_actions><else_actions><adjustvar variable="Introduction.IsExpanded" operator="set"><value type="boolean" value="true" /></adjustvar></else_actions></if_action></actions></actiongroup></actiongroups><events><onvarchanged varname="_player.5bGEugQSvgu.CurrentStep" priority="0"><actions><exe_actiongroup id="ChangeStep" /></actions></onvarchanged></events><timeline duration="2147483647"><events><event time="0"><actions><if_action><condition><compare operator="eq" valuea="_player.5bGEugQSvgu.CurrentStep" typea="var" valueb="0" typeb="number" /></condition><then_actions><show transition="custom" duration="0" direction="0" animationid="Entrance" reverse="false"><objref type="string" value="Introduction.Frame" /></show><resume_timeline><objref type="string" value="_player.5bGEugQSvgu.6meYWFN5e7m" /></resume_timeline></then_actions></if_action></actions></event><event time="150"><actions><exe_actiongroup id="InitialSetupActionGroup" /><show transition="custom" duration="0" direction="0" animationid="Entrance" reverse="false"><objref type="string" value="Introduction" /></show><if_action><condition><compare operator="eq" valuea="_player.5bGEugQSvgu.CurrentStep" typea="var" valueb="0" typeb="number" /></condition><then_actions><setactivetimeline><objref type="string" value="_player.5bGEugQSvgu.6meYWFN5e7m" /></setactivetimeline></then_actions></if_action></actions></event><event time="300"><actions><show transition="appear" duration="0" direction="0"><objref type="string" value="Slider0" /></show><show transition="custom" duration="0" direction="0" animationid="Entrance" reverse="false"><objref type="string" value="Slider0.Rib" /></show></actions></event><event time="450"><actions><show transition="appear" duration="0" direction="0"><objref type="string" value="Slider1" /></show><show transition="custom" duration="0" direction="0" animationid="Entrance" reverse="false"><objref type="string" value="Slider1.Rib" /></show></actions></event><event time="600"><actions><show transition="appear" duration="0" direction="0"><objref type="string" value="Slider2" /></show><show transition="custom" duration="0" direction="0" animationid="Entrance" reverse="false"><objref type="string" value="Slider2.Rib" /></show></actions></event><event time="750"><actions><notify_preview message="SlideLoaded" data="StepSlide0" /><show transition="appear" duration="0" direction="0"><objref type="string" value="Slider3" /></show><show transition="custom" duration="0" direction="0" animationid="Entrance" reverse="false"><objref type="string" value="Slider3.Rib" /></show></actions></event></events></timeline><objects><objgroup id="Introduction" width="542" height="482" resume="false" usehandcursor="true" shapemaskid="" xpos="31" ypos="31" tabindex="1" tabenabled="false" xoffset="0" yoffset="0" rotatexpos="271" rotateypos="241" xscale="100" yscale="100" alpha="100" rotation="0" depth="1" scrolling="true" shufflelock="false" acctype="text"><variables><variable name="IsOpen" type="boolean" value="true" resume="true" /><variable name="IsExpanded" type="boolean" value="true" resume="true" /><variable name="StepIndex" type="number" value="0" resume="true" /></variables><actiongroups><actiongroup id="OpenSlider"><actions><if_action><condition><compare operator="eq" valuea="IsOpen" typea="var" valueb="false" typeb="boolean" /></condition><then_actions><adjustvar variable="IsOpen" operator="set"><value type="boolean" value="true" /></adjustvar><exe_animation id="Move"><objref type="string" value="_this" /><reverse type="boolean" value="false" /></exe_animation></then_actions></if_action></actions></actiongroup><actiongroup id="CloseSlider"><actions><if_action><condition><compare operator="eq" valuea="IsOpen" typea="var" valueb="true" typeb="boolean" /></condition><then_actions><adjustvar variable="IsOpen" operator="set"><value type="boolean" value="false" /></adjustvar><exe_animation id="Move"><objref type="string" value="_this" /><reverse type="boolean" value="true" /></exe_animation></then_actions></if_action></actions></actiongroup><actiongroup id="Expand"><actions><if_action><condition><compare operator="eq" valuea="IsExpanded" typea="var" valueb="false" typeb="boolean" /></condition><then_actions><adjustvar variable="IsExpanded" operator="set"><value type="boolean" value="true" /></adjustvar><show transition="appear" duration="0" direction="0"><objref type="string" value="Frame" /></show><exe_animation id="Scale"><objref type="string" value="Frame" /><reverse type="boolean" value="false" /></exe_animation></then_actions></if_action></actions></actiongroup><actiongroup id="Collapse"><actions><if_action><condition><compare operator="eq" valuea="IsExpanded" typea="var" valueb="true" typeb="boolean" /></condition><then_actions><adjustvar variable="IsExpanded" operator="set"><value type="boolean" value="false" /></adjustvar><exe_animation id="Scale"><objref type="string" value="Frame" /><reverse type="boolean" value="true" /></exe_animation></then_actions></if_action></actions></actiongroup><actiongroup id="CurrentStepChangedActionGroup"><actions><show transition="appear" duration="0" direction="0"><objref type="string" value="_this" /></show><show transition="appear" duration="0" direction="0"><objref type="string" value="Rib" /></show><if_action><condition><compare operator="eq" valuea="_player.5bGEugQSvgu.CurrentStep" typea="var" valueb="StepIndex" typeb="var" /></condition><then_actions><exe_actiongroup id="Rib.ActGrpSetCheckedState" /></then_actions><else_actions><exe_actiongroup id="Rib.ActGrpClearCheckedState" /></else_actions></if_action></actions></actiongroup></actiongroups><animations><animation id="Move" duration="500" animateshapewithtext="true"><tweens><tween time="0" duration="500"><position duration="500" easing="quadradic" easingdir="easeinout" relativerotation="false" relativestartpoint="false"><path><segment type="line"><anchora x="$InitXPos" y="$InitYPos" dx="-512" dy="0" /><anchorb x="$InitXPos" y="$InitYPos" dx="0" dy="0" /></segment></path></position></tween></tweens></animation><animation id="Entrance" duration="750" hidetextatstart="true" animateshapewithtext="false"><tweens><tween time="0" duration="750"><alpha duration="750" easing="linear" easingdir="easein"><path><segment start="0" dstart="0" end="100" dend="0" /></path></alpha></tween></tweens></animation></animations><objects><slideframe id="Frame" width="502" height="482" resume="false" usehandcursor="true" shapemaskid="" xpos="0" ypos="0" tabindex="2" tabenabled="true" xoffset="0" yoffset="0" rotatexpos="0" rotateypos="241" xscale="100" yscale="100" alpha="100" rotation="0" depth="1" scrolling="true" shufflelock="false" startingslide="_player.5bGEugQSvgu.6meYWFN5e7m" scalecontents="false"><events><onanimationcomplete id="Scale" reverse="true"><actions><hide transition="appear" duration="0" direction="0"><objref type="string" value="_this" /></hide></actions></onanimationcomplete><onanimationcomplete id="Scale" reverse="false"><actions><setactivetimeline><objref type="string" value="_player.5bGEugQSvgu.6meYWFN5e7m" /></setactivetimeline><resume_timeline><objref type="string" value="_player.5bGEugQSvgu.6meYWFN5e7m" /></resume_timeline><notify_preview message="SlideLoaded" data="StepSlide0" /></actions></onanimationcomplete></events><animations><animation id="Entrance" duration="750" hidetextatstart="true" animateshapewithtext="false"><tweens><tween time="0" duration="750"><alpha duration="750" easing="linear" easingdir="easein"><path><segment start="0" dstart="0" end="100" dend="0" /></path></alpha></tween></tweens></animation><animation id="Scale" duration="500" animateshapewithtext="true"><tweens><tween time="0" duration="500"><scale duration="500" easing="quadradic" easingdir="easeinout" textonly="false" useglobalaxes="false"><path><segment startx="0" starty="100" dsx="0" dsy="0" endx="100" endy="100" dex="0" dey="0" startrelative="false" endrelative="false" /></path></scale></tween></tweens></animation></animations></slideframe></objects></objgroup><objgroup id="Slider0" width="542" height="482" resume="false" usehandcursor="true" shapemaskid="" xpos="533" ypos="31" tabindex="3" tabenabled="false" xoffset="0" yoffset="0" rotatexpos="271" rotateypos="241" xscale="100" yscale="100" alpha="100" rotation="0" depth="2" scrolling="true" shufflelock="false" acctype="text"><variables><variable name="IsOpen" type="boolean" value="true" resume="true" /><variable name="IsExpanded" type="boolean" value="false" resume="true" /><variable name="StepIndex" type="number" value="1" resume="true" /></variables><actiongroups><actiongroup id="OpenSlider"><actions><if_action><condition><compare operator="eq" valuea="IsOpen" typea="var" valueb="false" typeb="boolean" /></condition><then_actions><adjustvar variable="IsOpen" operator="set"><value type="boolean" value="true" /></adjustvar><exe_animation id="Move"><objref type="string" value="_this" /><reverse type="boolean" value="false" /></exe_animation></then_actions></if_action></actions></actiongroup><actiongroup id="CloseSlider"><actions><if_action><condition><compare operator="eq" valuea="IsOpen" typea="var" valueb="true" typeb="boolean" /></condition><then_actions><adjustvar variable="IsOpen" operator="set"><value type="boolean" value="false" /></adjustvar><exe_animation id="Move"><objref type="string" value="_this" /><reverse type="boolean" value="true" /></exe_animation></then_actions></if_action></actions></actiongroup><actiongroup id="Expand"><actions><if_action><condition><compare operator="eq" valuea="IsExpanded" typea="var" valueb="false" typeb="boolean" /></condition><then_actions><adjustvar variable="IsExpanded" operator="set"><value type="boolean" value="true" /></adjustvar><show transition="appear" duration="0" direction="0"><objref type="string" value="Frame" /></show><exe_animation id="Scale"><objref type="string" value="Frame" /><reverse type="boolean" value="false" /></exe_animation></then_actions></if_action></actions></actiongroup><actiongroup id="Collapse"><actions><if_action><condition><compare operator="eq" valuea="IsExpanded" typea="var" valueb="true" typeb="boolean" /></condition><then_actions><adjustvar variable="IsExpanded" operator="set"><value type="boolean" value="false" /></adjustvar><exe_animation id="Scale"><objref type="string" value="Frame" /><reverse type="boolean" value="true" /></exe_animation></then_actions></if_action></actions></actiongroup><actiongroup id="CurrentStepChangedActionGroup"><actions><show transition="appear" duration="0" direction="0"><objref type="string" value="_this" /></show><show transition="appear" duration="0" direction="0"><objref type="string" value="Rib" /></show><if_action><condition><compare operator="eq" valuea="_player.5bGEugQSvgu.CurrentStep" typea="var" valueb="StepIndex" typeb="var" /></condition><then_actions><exe_actiongroup id="Rib.ActGrpSetCheckedState" /></then_actions><else_actions><exe_actiongroup id="Rib.ActGrpClearCheckedState" /></else_actions></if_action></actions></actiongroup></actiongroups><animations><animation id="Move" duration="500" animateshapewithtext="true"><tweens><tween time="0" duration="500"><position duration="500" easing="quadradic" easingdir="easeinout" relativerotation="false" relativestartpoint="false"><path><segment type="line"><anchora x="$InitXPos" y="$InitYPos" dx="-502" dy="0" /><anchorb x="$InitXPos" y="$InitYPos" dx="0" dy="0" /></segment></path></position></tween></tweens></animation></animations><objects><vectorshape id="Rib" width="40" height="482" resume="false" usehandcursor="true" shapemaskid="" xpos="0" ypos="0" tabindex="4" tabenabled="true" xoffset="0" yoffset="0" rotatexpos="20" rotateypos="241" xscale="100" yscale="100" alpha="100" rotation="0" depth="1" scrolling="true" shufflelock="false" acctype="button" defaultaction="onrelease"><variables><variable name="_state" type="string" value="_default" resume="true" /><variable name="_hover" type="boolean" value="false" resume="true" /><variable name="_down" type="boolean" value="false" resume="true" /><variable name="_checked" type="boolean" value="false" resume="true" /></variables><actiongroups><actiongroup id="ActGrpClearStateVars"><actions><adjustvar variable="_hover" operator="set"><value type="boolean" value="false" /></adjustvar><adjustvar variable="_down" operator="set"><value type="boolean" value="false" /></adjustvar><adjustvar variable="_checked" operator="set"><value type="boolean" value="false" /></adjustvar></actions></actiongroup><actiongroup id="ActGrpSetHoverState"><actions><adjustvar variable="_hover" operator="set"><value type="boolean" value="true" /></adjustvar><exe_actiongroup id="_setstates" /></actions></actiongroup><actiongroup id="ActGrpClearHoverState"><actions><adjustvar variable="_hover" operator="set"><value type="boolean" value="false" /></adjustvar><exe_actiongroup id="_setstates" /></actions></actiongroup><actiongroup id="ActGrpSetDownState"><actions><adjustvar variable="_down" operator="set"><value type="boolean" value="true" /></adjustvar><exe_actiongroup id="_setstates" /></actions></actiongroup><actiongroup id="ActGrpClearDownState"><actions><adjustvar variable="_down" operator="set"><value type="boolean" value="false" /></adjustvar><exe_actiongroup id="_setstates" /></actions></actiongroup><actiongroup id="ActGrpSetCheckedState"><actions><adjustvar variable="_checked" operator="set"><value type="boolean" value="true" /></adjustvar><exe_actiongroup id="_setstates" /></actions></actiongroup><actiongroup id="ActGrpClearCheckedState"><actions><adjustvar variable="_checked" operator="set"><value type="boolean" value="false" /></adjustvar><exe_actiongroup id="_setstates" /></actions></actiongroup><actiongroup id="_setstates"><actions><if_action><condition><or><compare operator="eq" valuea="_hover" typea="var" valueb="true" typeb="boolean" /><compare operator="eq" valuea="_down" typea="var" valueb="true" typeb="boolean" /><compare operator="eq" valuea="_checked" typea="var" valueb="true" typeb="boolean" /></or></condition><then_actions><if_action><condition><compare operator="eq" valuea="_hover" typea="var" valueb="true" typeb="boolean" /></condition><then_actions><setobjstate><stateref type="string" value="_hover" /><objref type="string" value="_this" /></setobjstate></then_actions></if_action><if_action><condition><compare operator="eq" valuea="_down" typea="var" valueb="true" typeb="boolean" /></condition><then_actions><setobjstate><stateref type="string" value="_down" /><objref type="string" value="_this" /></setobjstate></then_actions></if_action><if_action><condition><compare operator="eq" valuea="_checked" typea="var" valueb="true" typeb="boolean" /></condition><then_actions><setobjstate><stateref type="string" value="_checked" /><objref type="string" value="_this" /></setobjstate></then_actions></if_action></then_actions><else_actions><setobjstate><stateref type="string" value="_default" /><objref type="string" value="_this" /></setobjstate></else_actions></if_action></actions></actiongroup></actiongroups><events><ontransitionin><actions><exe_actiongroup id="_setstates" /></actions></ontransitionin><onrollover><actions><exe_actiongroup id="ActGrpSetHoverState" /></actions></onrollover><onrollout><actions><exe_actiongroup id="ActGrpClearHoverState" /></actions></onrollout><onpress><actions><exe_actiongroup id="ActGrpSetDownState" /></actions></onpress><onrelease><actions><exe_actiongroup id="ActGrpClearDownState" /><adjustvar variable="_player.5bGEugQSvgu.CurrentStep" operator="set"><value type="var" value="_parent.StepIndex" /></adjustvar></actions></onrelease><onreleaseoutside><actions><exe_actiongroup id="ActGrpClearDownState" /></actions></onreleaseoutside><onvarchanged varname="_player.5bGEugQSvgu.CurrentStep" priority="0"><actions><exe_actiongroup id="_parent.CurrentStepChangedActionGroup" /></actions></onvarchanged></events><data hotlinkid="" accstate="0"><vectordata left="-2" top="-2" right="471" bottom="477" alttext="Xem trước khi in" pngfb="false"><pr l="Lib" i="2" /></vectordata></data><states><state name="_hover"><data hotlinkid="" accstate="0"><vectordata left="-2" top="-2" right="35" bottom="477" alttext="Xem trước khi in" pngfb="false"><pr l="Lib" i="3" /></vectordata><html5data xpos="-2" ypos="-2" width="37" height="479" strokewidth="1" /></data></state><state name="_down"><data hotlinkid="" accstate="0"><vectordata left="-2" top="-2" right="35" bottom="477" alttext="Xem trước khi in" pngfb="false"><pr l="Lib" i="4" /></vectordata><html5data xpos="-2" ypos="-2" width="37" height="479" strokewidth="1" /></data></state><state name="_checked"><data hotlinkid="" accstate="0"><vectordata left="-2" top="-2" right="35" bottom="477" alttext="Xem trước khi in" pngfb="false"><pr l="Lib" i="5" /></vectordata><html5data xpos="-2" ypos="-2" width="37" height="479" strokewidth="1" /></data></state></states><animations><animation id="" duration="750" hidetextatstart="true" animateshapewithtext="false"><tweens><tween time="0" duration="750"><alpha duration="750" easing="linear" easingdir="easein"><path><segment start="0" dstart="0" end="100" dend="0" /></path></alpha></tween></tweens></animation></animations><textlib><textdata uniqueId="6l28HACfMH1_Rib__hover1" id="01" linkid="_hover1" type="vectortext" alttext="Xem trước khi in" xpos="0" ypos="0" width="0" height="0" shadowindex="-1"><vectortext left="0" top="0" right="470" bottom="27" pngfb="false"><pr l="Lib" i="6" /></vectortext></textdata></textlib></vectorshape><slideframe id="Frame" width="502" height="482" resume="false" usehandcursor="true" shapemaskid="" xpos="40" ypos="0" tabindex="5" tabenabled="true" xoffset="0" yoffset="0" rotatexpos="0" rotateypos="241" xscale="100" yscale="100" alpha="100" rotation="0" depth="2" scrolling="true" shufflelock="false" startingslide="_player.5bGEugQSvgu.6rXWvXjpF1u" scalecontents="false"><events><onanimationcomplete id="Scale" reverse="true"><actions><hide transition="appear" duration="0" direction="0"><objref type="string" value="_this" /></hide></actions></onanimationcomplete><onanimationcomplete id="Scale" reverse="false"><actions><setactivetimeline><objref type="string" value="_player.5bGEugQSvgu.6rXWvXjpF1u" /></setactivetimeline><resume_timeline><objref type="string" value="_player.5bGEugQSvgu.6rXWvXjpF1u" /></resume_timeline><notify_preview message="SlideLoaded" data="StepSlide1" /></actions></onanimationcomplete></events><animations><animation id="Scale" duration="500" animateshapewithtext="true"><tweens><tween time="0" duration="500"><scale duration="500" easing="quadradic" easingdir="easeinout" textonly="false" useglobalaxes="false"><path><segment startx="0" starty="100" dsx="0" dsy="0" endx="100" endy="100" dex="0" dey="0" startrelative="false" endrelative="false" /></path></scale></tween></tweens></animation></animations></slideframe></objects></objgroup><objgroup id="Slider1" width="542" height="482" resume="false" usehandcursor="true" shapemaskid="" xpos="573" ypos="31" tabindex="6" tabenabled="false" xoffset="0" yoffset="0" rotatexpos="271" rotateypos="241" xscale="100" yscale="100" alpha="100" rotation="0" depth="3" scrolling="true" shufflelock="false" acctype="text"><variables><variable name="IsOpen" type="boolean" value="true" resume="true" /><variable name="IsExpanded" type="boolean" value="false" resume="true" /><variable name="StepIndex" type="number" value="2" resume="true" /></variables><actiongroups><actiongroup id="OpenSlider"><actions><if_action><condition><compare operator="eq" valuea="IsOpen" typea="var" valueb="false" typeb="boolean" /></condition><then_actions><adjustvar variable="IsOpen" operator="set"><value type="boolean" value="true" /></adjustvar><exe_animation id="Move"><objref type="string" value="_this" /><reverse type="boolean" value="false" /></exe_animation></then_actions></if_action></actions></actiongroup><actiongroup id="CloseSlider"><actions><if_action><condition><compare operator="eq" valuea="IsOpen" typea="var" valueb="true" typeb="boolean" /></condition><then_actions><adjustvar variable="IsOpen" operator="set"><value type="boolean" value="false" /></adjustvar><exe_animation id="Move"><objref type="string" value="_this" /><reverse type="boolean" value="true" /></exe_animation></then_actions></if_action></actions></actiongroup><actiongroup id="Expand"><actions><if_action><condition><compare operator="eq" valuea="IsExpanded" typea="var" valueb="false" typeb="boolean" /></condition><then_actions><adjustvar variable="IsExpanded" operator="set"><value type="boolean" value="true" /></adjustvar><show transition="appear" duration="0" direction="0"><objref type="string" value="Frame" /></show><exe_animation id="Scale"><objref type="string" value="Frame" /><reverse type="boolean" value="false" /></exe_animation></then_actions></if_action></actions></actiongroup><actiongroup id="Collapse"><actions><if_action><condition><compare operator="eq" valuea="IsExpanded" typea="var" valueb="true" typeb="boolean" /></condition><then_actions><adjustvar variable="IsExpanded" operator="set"><value type="boolean" value="false" /></adjustvar><exe_animation id="Scale"><objref type="string" value="Frame" /><reverse type="boolean" value="true" /></exe_animation></then_actions></if_action></actions></actiongroup><actiongroup id="CurrentStepChangedActionGroup"><actions><show transition="appear" duration="0" direction="0"><objref type="string" value="_this" /></show><show transition="appear" duration="0" direction="0"><objref type="string" value="Rib" /></show><if_action><condition><compare operator="eq" valuea="_player.5bGEugQSvgu.CurrentStep" typea="var" valueb="StepIndex" typeb="var" /></condition><then_actions><exe_actiongroup id="Rib.ActGrpSetCheckedState" /></then_actions><else_actions><exe_actiongroup id="Rib.ActGrpClearCheckedState" /></else_actions></if_action></actions></actiongroup></actiongroups><animations><animation id="Move" duration="500" animateshapewithtext="true"><tweens><tween time="0" duration="500"><position duration="500" easing="quadradic" easingdir="easeinout" relativerotation="false" relativestartpoint="false"><path><segment type="line"><anchora x="$InitXPos" y="$InitYPos" dx="-502" dy="0" /><anchorb x="$InitXPos" y="$InitYPos" dx="0" dy="0" /></segment></path></position></tween></tweens></animation></animations><objects><vectorshape id="Rib" width="40" height="482" resume="false" usehandcursor="true" shapemaskid="" xpos="0" ypos="0" tabindex="7" tabenabled="true" xoffset="0" yoffset="0" rotatexpos="20" rotateypos="241" xscale="100" yscale="100" alpha="100" rotation="0" depth="1" scrolling="true" shufflelock="false" acctype="button" defaultaction="onrelease"><variables><variable name="_state" type="string" value="_default" resume="true" /><variable name="_hover" type="boolean" value="false" resume="true" /><variable name="_down" type="boolean" value="false" resume="true" /><variable name="_checked" type="boolean" value="false" resume="true" /></variables><actiongroups><actiongroup id="ActGrpClearStateVars"><actions><adjustvar variable="_hover" operator="set"><value type="boolean" value="false" /></adjustvar><adjustvar variable="_down" operator="set"><value type="boolean" value="false" /></adjustvar><adjustvar variable="_checked" operator="set"><value type="boolean" value="false" /></adjustvar></actions></actiongroup><actiongroup id="ActGrpSetHoverState"><actions><adjustvar variable="_hover" operator="set"><value type="boolean" value="true" /></adjustvar><exe_actiongroup id="_setstates" /></actions></actiongroup><actiongroup id="ActGrpClearHoverState"><actions><adjustvar variable="_hover" operator="set"><value type="boolean" value="false" /></adjustvar><exe_actiongroup id="_setstates" /></actions></actiongroup><actiongroup id="ActGrpSetDownState"><actions><adjustvar variable="_down" operator="set"><value type="boolean" value="true" /></adjustvar><exe_actiongroup id="_setstates" /></actions></actiongroup><actiongroup id="ActGrpClearDownState"><actions><adjustvar variable="_down" operator="set"><value type="boolean" value="false" /></adjustvar><exe_actiongroup id="_setstates" /></actions></actiongroup><actiongroup id="ActGrpSetCheckedState"><actions><adjustvar variable="_checked" operator="set"><value type="boolean" value="true" /></adjustvar><exe_actiongroup id="_setstates" /></actions></actiongroup><actiongroup id="ActGrpClearCheckedState"><actions><adjustvar variable="_checked" operator="set"><value type="boolean" value="false" /></adjustvar><exe_actiongroup id="_setstates" /></actions></actiongroup><actiongroup id="_setstates"><actions><if_action><condition><or><compare operator="eq" valuea="_hover" typea="var" valueb="true" typeb="boolean" /><compare operator="eq" valuea="_down" typea="var" valueb="true" typeb="boolean" /><compare operator="eq" valuea="_checked" typea="var" valueb="true" typeb="boolean" /></or></condition><then_actions><if_action><condition><compare operator="eq" valuea="_hover" typea="var" valueb="true" typeb="boolean" /></condition><then_actions><setobjstate><stateref type="string" value="_hover" /><objref type="string" value="_this" /></setobjstate></then_actions></if_action><if_action><condition><compare operator="eq" valuea="_down" typea="var" valueb="true" typeb="boolean" /></condition><then_actions><setobjstate><stateref type="string" value="_down" /><objref type="string" value="_this" /></setobjstate></then_actions></if_action><if_action><condition><compare operator="eq" valuea="_checked" typea="var" valueb="true" typeb="boolean" /></condition><then_actions><setobjstate><stateref type="string" value="_checked" /><objref type="string" value="_this" /></setobjstate></then_actions></if_action></then_actions><else_actions><setobjstate><stateref type="string" value="_default" /><objref type="string" value="_this" /></setobjstate></else_actions></if_action></actions></actiongroup></actiongroups><events><ontransitionin><actions><exe_actiongroup id="_setstates" /></actions></ontransitionin><onrollover><actions><exe_actiongroup id="ActGrpSetHoverState" /></actions></onrollover><onrollout><actions><exe_actiongroup id="ActGrpClearHoverState" /></actions></onrollout><onpress><actions><exe_actiongroup id="ActGrpSetDownState" /></actions></onpress><onrelease><actions><exe_actiongroup id="ActGrpClearDownState" /><adjustvar variable="_player.5bGEugQSvgu.CurrentStep" operator="set"><value type="var" value="_parent.StepIndex" /></adjustvar></actions></onrelease><onreleaseoutside><actions><exe_actiongroup id="ActGrpClearDownState" /></actions></onreleaseoutside><onvarchanged varname="_player.5bGEugQSvgu.CurrentStep" priority="0"><actions><exe_actiongroup id="_parent.CurrentStepChangedActionGroup" /></actions></onvarchanged></events><data hotlinkid="" accstate="0"><vectordata left="-2" top="-2" right="471" bottom="477" alttext="Điều chỉnh ngắt trang" pngfb="false"><pr l="Lib" i="2" /></vectordata></data><states><state name="_hover"><data hotlinkid="" accstate="0"><vectordata left="-2" top="-2" right="35" bottom="477" alttext="Điều chỉnh ngắt trang" pngfb="false"><pr l="Lib" i="3" /></vectordata><html5data xpos="-2" ypos="-2" width="37" height="479" strokewidth="1" /></data></state><state name="_down"><data hotlinkid="" accstate="0"><vectordata left="-2" top="-2" right="35" bottom="477" alttext="Điều chỉnh ngắt trang" pngfb="false"><pr l="Lib" i="4" /></vectordata><html5data xpos="-2" ypos="-2" width="37" height="479" strokewidth="1" /></data></state><state name="_checked"><data hotlinkid="" accstate="0"><vectordata left="-2" top="-2" right="35" bottom="477" alttext="Điều chỉnh ngắt trang" pngfb="false"><pr l="Lib" i="5" /></vectordata><html5data xpos="-2" ypos="-2" width="37" height="479" strokewidth="1" /></data></state></states><animations><animation id="" duration="750" hidetextatstart="true" animateshapewithtext="false"><tweens><tween time="0" duration="750"><alpha duration="750" easing="linear" easingdir="easein"><path><segment start="0" dstart="0" end="100" dend="0" /></path></alpha></tween></tweens></animation></animations><textlib><textdata uniqueId="6l28HACfMH1_Rib__hover2" id="01" linkid="_hover2" type="vectortext" alttext="Điều chỉnh ngắt trang" xpos="0" ypos="0" width="0" height="0" shadowindex="-1"><vectortext left="0" top="0" right="470" bottom="27" pngfb="false"><pr l="Lib" i="7" /></vectortext></textdata></textlib></vectorshape><slideframe id="Frame" width="502" height="482" resume="false" usehandcursor="true" shapemaskid="" xpos="40" ypos="0" tabindex="8" tabenabled="true" xoffset="0" yoffset="0" rotatexpos="0" rotateypos="241" xscale="100" yscale="100" alpha="100" rotation="0" depth="2" scrolling="true" shufflelock="false" startingslide="_player.5bGEugQSvgu.5iMeDnANt6n" scalecontents="false"><events><onanimationcomplete id="Scale" reverse="true"><actions><hide transition="appear" duration="0" direction="0"><objref type="string" value="_this" /></hide></actions></onanimationcomplete><onanimationcomplete id="Scale" reverse="false"><actions><setactivetimeline><objref type="string" value="_player.5bGEugQSvgu.5iMeDnANt6n" /></setactivetimeline><resume_timeline><objref type="string" value="_player.5bGEugQSvgu.5iMeDnANt6n" /></resume_timeline><notify_preview message="SlideLoaded" data="StepSlide2" /></actions></onanimationcomplete></events><animations><animation id="Scale" duration="500" animateshapewithtext="true"><tweens><tween time="0" duration="500"><scale duration="500" easing="quadradic" easingdir="easeinout" textonly="false" useglobalaxes="false"><path><segment startx="0" starty="100" dsx="0" dsy="0" endx="100" endy="100" dex="0" dey="0" startrelative="false" endrelative="false" /></path></scale></tween></tweens></animation></animations></slideframe></objects></objgroup><objgroup id="Slider2" width="542" height="482" resume="false" usehandcursor="true" shapemaskid="" xpos="613" ypos="31" tabindex="9" tabenabled="false" xoffset="0" yoffset="0" rotatexpos="271" rotateypos="241" xscale="100" yscale="100" alpha="100" rotation="0" depth="4" scrolling="true" shufflelock="false" acctype="text"><variables><variable name="IsOpen" type="boolean" value="true" resume="true" /><variable name="IsExpanded" type="boolean" value="false" resume="true" /><variable name="StepIndex" type="number" value="3" resume="true" /></variables><actiongroups><actiongroup id="OpenSlider"><actions><if_action><condition><compare operator="eq" valuea="IsOpen" typea="var" valueb="false" typeb="boolean" /></condition><then_actions><adjustvar variable="IsOpen" operator="set"><value type="boolean" value="true" /></adjustvar><exe_animation id="Move"><objref type="string" value="_this" /><reverse type="boolean" value="false" /></exe_animation></then_actions></if_action></actions></actiongroup><actiongroup id="CloseSlider"><actions><if_action><condition><compare operator="eq" valuea="IsOpen" typea="var" valueb="true" typeb="boolean" /></condition><then_actions><adjustvar variable="IsOpen" operator="set"><value type="boolean" value="false" /></adjustvar><exe_animation id="Move"><objref type="string" value="_this" /><reverse type="boolean" value="true" /></exe_animation></then_actions></if_action></actions></actiongroup><actiongroup id="Expand"><actions><if_action><condition><compare operator="eq" valuea="IsExpanded" typea="var" valueb="false" typeb="boolean" /></condition><then_actions><adjustvar variable="IsExpanded" operator="set"><value type="boolean" value="true" /></adjustvar><show transition="appear" duration="0" direction="0"><objref type="string" value="Frame" /></show><exe_animation id="Scale"><objref type="string" value="Frame" /><reverse type="boolean" value="false" /></exe_animation></then_actions></if_action></actions></actiongroup><actiongroup id="Collapse"><actions><if_action><condition><compare operator="eq" valuea="IsExpanded" typea="var" valueb="true" typeb="boolean" /></condition><then_actions><adjustvar variable="IsExpanded" operator="set"><value type="boolean" value="false" /></adjustvar><exe_animation id="Scale"><objref type="string" value="Frame" /><reverse type="boolean" value="true" /></exe_animation></then_actions></if_action></actions></actiongroup><actiongroup id="CurrentStepChangedActionGroup"><actions><show transition="appear" duration="0" direction="0"><objref type="string" value="_this" /></show><show transition="appear" duration="0" direction="0"><objref type="string" value="Rib" /></show><if_action><condition><compare operator="eq" valuea="_player.5bGEugQSvgu.CurrentStep" typea="var" valueb="StepIndex" typeb="var" /></condition><then_actions><exe_actiongroup id="Rib.ActGrpSetCheckedState" /></then_actions><else_actions><exe_actiongroup id="Rib.ActGrpClearCheckedState" /></else_actions></if_action></actions></actiongroup></actiongroups><animations><animation id="Move" duration="500" animateshapewithtext="true"><tweens><tween time="0" duration="500"><position duration="500" easing="quadradic" easingdir="easeinout" relativerotation="false" relativestartpoint="false"><path><segment type="line"><anchora x="$InitXPos" y="$InitYPos" dx="-502" dy="0" /><anchorb x="$InitXPos" y="$InitYPos" dx="0" dy="0" /></segment></path></position></tween></tweens></animation></animations><objects><vectorshape id="Rib" width="40" height="482" resume="false" usehandcursor="true" shapemaskid="" xpos="0" ypos="0" tabindex="10" tabenabled="true" xoffset="0" yoffset="0" rotatexpos="20" rotateypos="241" xscale="100" yscale="100" alpha="100" rotation="0" depth="1" scrolling="true" shufflelock="false" acctype="button" defaultaction="onrelease"><variables><variable name="_state" type="string" value="_default" resume="true" /><variable name="_hover" type="boolean" value="false" resume="true" /><variable name="_down" type="boolean" value="false" resume="true" /><variable name="_checked" type="boolean" value="false" resume="true" /></variables><actiongroups><actiongroup id="ActGrpClearStateVars"><actions><adjustvar variable="_hover" operator="set"><value type="boolean" value="false" /></adjustvar><adjustvar variable="_down" operator="set"><value type="boolean" value="false" /></adjustvar><adjustvar variable="_checked" operator="set"><value type="boolean" value="false" /></adjustvar></actions></actiongroup><actiongroup id="ActGrpSetHoverState"><actions><adjustvar variable="_hover" operator="set"><value type="boolean" value="true" /></adjustvar><exe_actiongroup id="_setstates" /></actions></actiongroup><actiongroup id="ActGrpClearHoverState"><actions><adjustvar variable="_hover" operator="set"><value type="boolean" value="false" /></adjustvar><exe_actiongroup id="_setstates" /></actions></actiongroup><actiongroup id="ActGrpSetDownState"><actions><adjustvar variable="_down" operator="set"><value type="boolean" value="true" /></adjustvar><exe_actiongroup id="_setstates" /></actions></actiongroup><actiongroup id="ActGrpClearDownState"><actions><adjustvar variable="_down" operator="set"><value type="boolean" value="false" /></adjustvar><exe_actiongroup id="_setstates" /></actions></actiongroup><actiongroup id="ActGrpSetCheckedState"><actions><adjustvar variable="_checked" operator="set"><value type="boolean" value="true" /></adjustvar><exe_actiongroup id="_setstates" /></actions></actiongroup><actiongroup id="ActGrpClearCheckedState"><actions><adjustvar variable="_checked" operator="set"><value type="boolean" value="false" /></adjustvar><exe_actiongroup id="_setstates" /></actions></actiongroup><actiongroup id="_setstates"><actions><if_action><condition><or><compare operator="eq" valuea="_hover" typea="var" valueb="true" typeb="boolean" /><compare operator="eq" valuea="_down" typea="var" valueb="true" typeb="boolean" /><compare operator="eq" valuea="_checked" typea="var" valueb="true" typeb="boolean" /></or></condition><then_actions><if_action><condition><compare operator="eq" valuea="_hover" typea="var" valueb="true" typeb="boolean" /></condition><then_actions><setobjstate><stateref type="string" value="_hover" /><objref type="string" value="_this" /></setobjstate></then_actions></if_action><if_action><condition><compare operator="eq" valuea="_down" typea="var" valueb="true" typeb="boolean" /></condition><then_actions><setobjstate><stateref type="string" value="_down" /><objref type="string" value="_this" /></setobjstate></then_actions></if_action><if_action><condition><compare operator="eq" valuea="_checked" typea="var" valueb="true" typeb="boolean" /></condition><then_actions><setobjstate><stateref type="string" value="_checked" /><objref type="string" value="_this" /></setobjstate></then_actions></if_action></then_actions><else_actions><setobjstate><stateref type="string" value="_default" /><objref type="string" value="_this" /></setobjstate></else_actions></if_action></actions></actiongroup></actiongroups><events><ontransitionin><actions><exe_actiongroup id="_setstates" /></actions></ontransitionin><onrollover><actions><exe_actiongroup id="ActGrpSetHoverState" /></actions></onrollover><onrollout><actions><exe_actiongroup id="ActGrpClearHoverState" /></actions></onrollout><onpress><actions><exe_actiongroup id="ActGrpSetDownState" /></actions></onpress><onrelease><actions><exe_actiongroup id="ActGrpClearDownState" /><adjustvar variable="_player.5bGEugQSvgu.CurrentStep" operator="set"><value type="var" value="_parent.StepIndex" /></adjustvar></actions></onrelease><onreleaseoutside><actions><exe_actiongroup id="ActGrpClearDownState" /></actions></onreleaseoutside><onvarchanged varname="_player.5bGEugQSvgu.CurrentStep" priority="0"><actions><exe_actiongroup id="_parent.CurrentStepChangedActionGroup" /></actions></onvarchanged></events><data hotlinkid="" accstate="0"><vectordata left="-2" top="-2" right="471" bottom="477" alttext="Đặt lề và hướng giấy in" pngfb="false"><pr l="Lib" i="2" /></vectordata></data><states><state name="_hover"><data hotlinkid="" accstate="0"><vectordata left="-2" top="-2" right="35" bottom="477" alttext="Đặt lề và hướng giấy in" pngfb="false"><pr l="Lib" i="3" /></vectordata><html5data xpos="-2" ypos="-2" width="37" height="479" strokewidth="1" /></data></state><state name="_down"><data hotlinkid="" accstate="0"><vectordata left="-2" top="-2" right="35" bottom="477" alttext="Đặt lề và hướng giấy in" pngfb="false"><pr l="Lib" i="4" /></vectordata><html5data xpos="-2" ypos="-2" width="37" height="479" strokewidth="1" /></data></state><state name="_checked"><data hotlinkid="" accstate="0"><vectordata left="-2" top="-2" right="35" bottom="477" alttext="Đặt lề và hướng giấy in" pngfb="false"><pr l="Lib" i="5" /></vectordata><html5data xpos="-2" ypos="-2" width="37" height="479" strokewidth="1" /></data></state></states><animations><animation id="" duration="750" hidetextatstart="true" animateshapewithtext="false"><tweens><tween time="0" duration="750"><alpha duration="750" easing="linear" easingdir="easein"><path><segment start="0" dstart="0" end="100" dend="0" /></path></alpha></tween></tweens></animation></animations><textlib><textdata uniqueId="6l28HACfMH1_Rib__hover3" id="01" linkid="_hover3" type="vectortext" alttext="Đặt lề và hướng giấy in" xpos="0" ypos="0" width="0" height="0" shadowindex="-1"><vectortext left="0" top="0" right="470" bottom="27" pngfb="false"><pr l="Lib" i="8" /></vectortext></textdata></textlib></vectorshape><slideframe id="Frame" width="502" height="482" resume="false" usehandcursor="true" shapemaskid="" xpos="40" ypos="0" tabindex="11" tabenabled="true" xoffset="0" yoffset="0" rotatexpos="0" rotateypos="241" xscale="100" yscale="100" alpha="100" rotation="0" depth="2" scrolling="true" shufflelock="false" startingslide="_player.5bGEugQSvgu.6BXGaLL7XTR" scalecontents="false"><events><onanimationcomplete id="Scale" reverse="true"><actions><hide transition="appear" duration="0" direction="0"><objref type="string" value="_this" /></hide></actions></onanimationcomplete><onanimationcomplete id="Scale" reverse="false"><actions><setactivetimeline><objref type="string" value="_player.5bGEugQSvgu.6BXGaLL7XTR" /></setactivetimeline><resume_timeline><objref type="string" value="_player.5bGEugQSvgu.6BXGaLL7XTR" /></resume_timeline><notify_preview message="SlideLoaded" data="StepSlide3" /></actions></onanimationcomplete></events><animations><animation id="Scale" duration="500" animateshapewithtext="true"><tweens><tween time="0" duration="500"><scale duration="500" easing="quadradic" easingdir="easeinout" textonly="false" useglobalaxes="false"><path><segment startx="0" starty="100" dsx="0" dsy="0" endx="100" endy="100" dex="0" dey="0" startrelative="false" endrelative="false" /></path></scale></tween></tweens></animation></animations></slideframe></objects></objgroup><objgroup id="Slider3" width="542" height="482" resume="false" usehandcursor="true" shapemaskid="" xpos="653" ypos="31" tabindex="12" tabenabled="false" xoffset="0" yoffset="0" rotatexpos="271" rotateypos="241" xscale="100" yscale="100" alpha="100" rotation="0" depth="5" scrolling="true" shufflelock="false" acctype="text"><variables><variable name="IsOpen" type="boolean" value="true" resume="true" /><variable name="IsExpanded" type="boolean" value="false" resume="true" /><variable name="StepIndex" type="number" value="4" resume="true" /></variables><actiongroups><actiongroup id="OpenSlider"><actions><if_action><condition><compare operator="eq" valuea="IsOpen" typea="var" valueb="false" typeb="boolean" /></condition><then_actions><adjustvar variable="IsOpen" operator="set"><value type="boolean" value="true" /></adjustvar><exe_animation id="Move"><objref type="string" value="_this" /><reverse type="boolean" value="false" /></exe_animation></then_actions></if_action></actions></actiongroup><actiongroup id="CloseSlider"><actions><if_action><condition><compare operator="eq" valuea="IsOpen" typea="var" valueb="true" typeb="boolean" /></condition><then_actions><adjustvar variable="IsOpen" operator="set"><value type="boolean" value="false" /></adjustvar><exe_animation id="Move"><objref type="string" value="_this" /><reverse type="boolean" value="true" /></exe_animation></then_actions></if_action></actions></actiongroup><actiongroup id="Expand"><actions><if_action><condition><compare operator="eq" valuea="IsExpanded" typea="var" valueb="false" typeb="boolean" /></condition><then_actions><adjustvar variable="IsExpanded" operator="set"><value type="boolean" value="true" /></adjustvar><show transition="appear" duration="0" direction="0"><objref type="string" value="Frame" /></show><exe_animation id="Scale"><objref type="string" value="Frame" /><reverse type="boolean" value="false" /></exe_animation></then_actions></if_action></actions></actiongroup><actiongroup id="Collapse"><actions><if_action><condition><compare operator="eq" valuea="IsExpanded" typea="var" valueb="true" typeb="boolean" /></condition><then_actions><adjustvar variable="IsExpanded" operator="set"><value type="boolean" value="false" /></adjustvar><exe_animation id="Scale"><objref type="string" value="Frame" /><reverse type="boolean" value="true" /></exe_animation></then_actions></if_action></actions></actiongroup><actiongroup id="CurrentStepChangedActionGroup"><actions><show transition="appear" duration="0" direction="0"><objref type="string" value="_this" /></show><show transition="appear" duration="0" direction="0"><objref type="string" value="Rib" /></show><if_action><condition><compare operator="eq" valuea="_player.5bGEugQSvgu.CurrentStep" typea="var" valueb="StepIndex" typeb="var" /></condition><then_actions><exe_actiongroup id="Rib.ActGrpSetCheckedState" /></then_actions><else_actions><exe_actiongroup id="Rib.ActGrpClearCheckedState" /></else_actions></if_action></actions></actiongroup></actiongroups><animations><animation id="Move" duration="500" animateshapewithtext="true"><tweens><tween time="0" duration="500"><position duration="500" easing="quadradic" easingdir="easeinout" relativerotation="false" relativestartpoint="false"><path><segment type="line"><anchora x="$InitXPos" y="$InitYPos" dx="-502" dy="0" /><anchorb x="$InitXPos" y="$InitYPos" dx="0" dy="0" /></segment></path></position></tween></tweens></animation></animations><objects><vectorshape id="Rib" width="40" height="482" resume="false" usehandcursor="true" shapemaskid="" xpos="0" ypos="0" tabindex="13" tabenabled="true" xoffset="0" yoffset="0" rotatexpos="20" rotateypos="241" xscale="100" yscale="100" alpha="100" rotation="0" depth="1" scrolling="true" shufflelock="false" acctype="button" defaultaction="onrelease"><variables><variable name="_state" type="string" value="_default" resume="true" /><variable name="_hover" type="boolean" value="false" resume="true" /><variable name="_down" type="boolean" value="false" resume="true" /><variable name="_checked" type="boolean" value="false" resume="true" /></variables><actiongroups><actiongroup id="ActGrpClearStateVars"><actions><adjustvar variable="_hover" operator="set"><value type="boolean" value="false" /></adjustvar><adjustvar variable="_down" operator="set"><value type="boolean" value="false" /></adjustvar><adjustvar variable="_checked" operator="set"><value type="boolean" value="false" /></adjustvar></actions></actiongroup><actiongroup id="ActGrpSetHoverState"><actions><adjustvar variable="_hover" operator="set"><value type="boolean" value="true" /></adjustvar><exe_actiongroup id="_setstates" /></actions></actiongroup><actiongroup id="ActGrpClearHoverState"><actions><adjustvar variable="_hover" operator="set"><value type="boolean" value="false" /></adjustvar><exe_actiongroup id="_setstates" /></actions></actiongroup><actiongroup id="ActGrpSetDownState"><actions><adjustvar variable="_down" operator="set"><value type="boolean" value="true" /></adjustvar><exe_actiongroup id="_setstates" /></actions></actiongroup><actiongroup id="ActGrpClearDownState"><actions><adjustvar variable="_down" operator="set"><value type="boolean" value="false" /></adjustvar><exe_actiongroup id="_setstates" /></actions></actiongroup><actiongroup id="ActGrpSetCheckedState"><actions><adjustvar variable="_checked" operator="set"><value type="boolean" value="true" /></adjustvar><exe_actiongroup id="_setstates" /></actions></actiongroup><actiongroup id="ActGrpClearCheckedState"><actions><adjustvar variable="_checked" operator="set"><value type="boolean" value="false" /></adjustvar><exe_actiongroup id="_setstates" /></actions></actiongroup><actiongroup id="_setstates"><actions><if_action><condition><or><compare operator="eq" valuea="_hover" typea="var" valueb="true" typeb="boolean" /><compare operator="eq" valuea="_down" typea="var" valueb="true" typeb="boolean" /><compare operator="eq" valuea="_checked" typea="var" valueb="true" typeb="boolean" /></or></condition><then_actions><if_action><condition><compare operator="eq" valuea="_hover" typea="var" valueb="true" typeb="boolean" /></condition><then_actions><setobjstate><stateref type="string" value="_hover" /><objref type="string" value="_this" /></setobjstate></then_actions></if_action><if_action><condition><compare operator="eq" valuea="_down" typea="var" valueb="true" typeb="boolean" /></condition><then_actions><setobjstate><stateref type="string" value="_down" /><objref type="string" value="_this" /></setobjstate></then_actions></if_action><if_action><condition><compare operator="eq" valuea="_checked" typea="var" valueb="true" typeb="boolean" /></condition><then_actions><setobjstate><stateref type="string" value="_checked" /><objref type="string" value="_this" /></setobjstate></then_actions></if_action></then_actions><else_actions><setobjstate><stateref type="string" value="_default" /><objref type="string" value="_this" /></setobjstate></else_actions></if_action></actions></actiongroup></actiongroups><events><ontransitionin><actions><exe_actiongroup id="_setstates" /></actions></ontransitionin><onrollover><actions><exe_actiongroup id="ActGrpSetHoverState" /></actions></onrollover><onrollout><actions><exe_actiongroup id="ActGrpClearHoverState" /></actions></onrollout><onpress><actions><exe_actiongroup id="ActGrpSetDownState" /></actions></onpress><onrelease><actions><exe_actiongroup id="ActGrpClearDownState" /><adjustvar variable="_player.5bGEugQSvgu.CurrentStep" operator="set"><value type="var" value="_parent.StepIndex" /></adjustvar></actions></onrelease><onreleaseoutside><actions><exe_actiongroup id="ActGrpClearDownState" /></actions></onreleaseoutside><onvarchanged varname="_player.5bGEugQSvgu.CurrentStep" priority="0"><actions><exe_actiongroup id="_parent.CurrentStepChangedActionGroup" /></actions></onvarchanged></events><data hotlinkid="" accstate="0"><vectordata left="-2" top="-2" right="471" bottom="477" alttext="In trang tính" pngfb="false"><pr l="Lib" i="2" /></vectordata></data><states><state name="_hover"><data hotlinkid="" accstate="0"><vectordata left="-2" top="-2" right="35" bottom="477" alttext="In trang tính" pngfb="false"><pr l="Lib" i="3" /></vectordata><html5data xpos="-2" ypos="-2" width="37" height="479" strokewidth="1" /></data></state><state name="_down"><data hotlinkid="" accstate="0"><vectordata left="-2" top="-2" right="35" bottom="477" alttext="In trang tính" pngfb="false"><pr l="Lib" i="4" /></vectordata><html5data xpos="-2" ypos="-2" width="37" height="479" strokewidth="1" /></data></state><state name="_checked"><data hotlinkid="" accstate="0"><vectordata left="-2" top="-2" right="35" bottom="477" alttext="In trang tính" pngfb="false"><pr l="Lib" i="5" /></vectordata><html5data xpos="-2" ypos="-2" width="37" height="479" strokewidth="1" /></data></state></states><animations><animation id="" duration="750" hidetextatstart="true" animateshapewithtext="false"><tweens><tween time="0" duration="750"><alpha duration="750" easing="linear" easingdir="easein"><path><segment start="0" dstart="0" end="100" dend="0" /></path></alpha></tween></tweens></animation></animations><textlib><textdata uniqueId="6l28HACfMH1_Rib__hover4" id="01" linkid="_hover4" type="vectortext" alttext="In trang tính" xpos="0" ypos="0" width="0" height="0" shadowindex="-1"><vectortext left="0" top="0" right="470" bottom="27" pngfb="false"><pr l="Lib" i="9" /></vectortext></textdata></textlib></vectorshape><slideframe id="Frame" width="502" height="482" resume="false" usehandcursor="true" shapemaskid="" xpos="40" ypos="0" tabindex="14" tabenabled="true" xoffset="0" yoffset="0" rotatexpos="0" rotateypos="241" xscale="100" yscale="100" alpha="100" rotation="0" depth="2" scrolling="true" shufflelock="false" startingslide="_player.5bGEugQSvgu.64HeeUyTx7S" scalecontents="false"><events><onanimationcomplete id="Scale" reverse="true"><actions><hide transition="appear" duration="0" direction="0"><objref type="string" value="_this" /></hide></actions></onanimationcomplete><onanimationcomplete id="Scale" reverse="false"><actions><setactivetimeline><objref type="string" value="_player.5bGEugQSvgu.64HeeUyTx7S" /></setactivetimeline><resume_timeline><objref type="string" value="_player.5bGEugQSvgu.64HeeUyTx7S" /></resume_timeline><notify_preview message="SlideLoaded" data="StepSlide4" /></actions></onanimationcomplete></events><animations><animation id="Scale" duration="500" animateshapewithtext="true"><tweens><tween time="0" duration="500"><scale duration="500" easing="quadradic" easingdir="easeinout" textonly="false" useglobalaxes="false"><path><segment startx="0" starty="100" dsx="0" dsy="0" endx="100" endy="100" dex="0" dey="0" startrelative="false" endrelative="false" /></path></scale></tween></tweens></animation></animations></slideframe></objects></objgroup></objects></slidelayer></slidelayers></slide>