﻿<?xml version="1.0" encoding="utf-8"?><slide xmlns:xsi="http://www.w3.org/2001/XMLSchema-instance" xmlns:xsd="http://www.w3.org/2001/XMLSchema" id="6rXWvXjpF1u" width="502" height="482" resume="false" usehandcursor="false" enableseek="true" enablereplay="true" lmsid="" starttime="-1" elapsedtimemode="normal" title="Xem trước khi in" trackviews="true" showmenuresulticon="false" viewgroupid="" historygroupid="" videozoom="" scrolling="false" transition="appear" transduration="0" transdir="1" wipetrans="false" slidelock="false" navindex="-1" globalaudioid="" thumbnailid="" showanimationid=""><events><ontransitionin><actions><if_action><condition><compare operator="eq" valuea="WindowId" typea="property" valueb="_frame" typeb="string" /></condition><then_actions><set_frame_layout name="pxnanbnsnfns00000000101" /></then_actions><else_actions><set_window_control_layout name="pxnanbnsnfns00000000101" /></else_actions></if_action></actions></ontransitionin></events><background type="vector"><vectordata left="-2" top="-2" right="497" bottom="477" pngfb="false"><pr l="Lib" i="10" /></vectordata></background><timeline duration="13000"><events><event time="0"><actions><show transition="custom" duration="0" direction="0" animationid="Entrance" reverse="false"><objref type="string" value=".StepTitle1" /></show><show transition="appear" duration="0" direction="0"><objref type="string" value="ContentContainer" /></show><show transition="custom" duration="0" direction="0" animationid="Entrance" reverse="false"><objref type="string" value=".ContentContainer.Text1" /></show><show transition="appear" duration="0" direction="0"><objref type="string" value=".ContentContainer.ContentGroup" /></show><show transition="custom" duration="0" direction="0" animationid="Entrance" reverse="false"><objref type="string" value=".ContentContainer.ContentGroup.ContentBorder" /></show><show transition="custom" duration="0" direction="0" animationid="Entrance" reverse="false"><objref type="string" value=".ContentContainer.ContentGroup.Content" /></show><media_seek position="0"><objref type="string" value="6ZzYMJgMMlM" /></media_seek><media_play><objref type="string" value="6ZzYMJgMMlM" /></media_play><set_volume volume="100"><objref type="string" value="6ZzYMJgMMlM" /></set_volume></actions></event></events></timeline><objects><vectorshape id="StepTitle1" width="469" height="23" resume="false" usehandcursor="true" shapemaskid="" xpos="14" ypos="14" tabindex="0" tabenabled="true" xoffset="0" yoffset="0" rotatexpos="234.5" rotateypos="11.5" xscale="100" yscale="100" alpha="100" rotation="0" depth="1" scrolling="true" shufflelock="false" acctype="text" defaultaction=""><data hotlinkid="" accstate="0"><vectordata left="0" top="-1" right="483" bottom="37" alttext="Xem trước khi in" pngfb="false"><pr l="Lib" i="11" /></vectordata></data><animations><animation id="Entrance" duration="0" hidetextatstart="true" animateshapewithtext="false"><tweens><tween time="0" duration="0"><alpha duration="0" easing="linear" easingdir="easein"><path><segment start="0" dstart="0" end="100" dend="0" /></path></alpha></tween></tweens></animation></animations><textlib><textdata uniqueId="6l28HACfMH1_StepTitle1_StepTitle11" id="01" linkid="StepTitle11" type="vectortext" alttext="Xem trước khi in" xpos="0" ypos="0" width="0" height="0" shadowindex="-1"><vectortext left="0" top="-1" right="148" bottom="25" pngfb="false"><pr l="Lib" i="14" /></vectortext></textdata></textlib></vectorshape><objgroup id="ContentContainer" width="469" height="406" resume="false" usehandcursor="true" shapemaskid="" xpos="14" ypos="57" tabindex="1" tabenabled="false" xoffset="0" yoffset="0" rotatexpos="234.5" rotateypos="203" xscale="100" yscale="100" alpha="100" rotation="0" depth="2" scrolling="true" shufflelock="false" acctype="text"><objects><objgroup id="ContentGroup" width="325" height="183" resume="false" usehandcursor="true" shapemaskid="" xpos="72" ypos="0" tabindex="2" tabenabled="false" xoffset="0" yoffset="0" rotatexpos="162.5" rotateypos="91.5" xscale="100" yscale="100" alpha="100" rotation="0" depth="1" scrolling="true" shufflelock="false" acctype="text"><animations><animation id="Entrance" duration="0" hidetextatstart="true" animateshapewithtext="false"><tweens><tween time="0" duration="0"><alpha duration="0" easing="linear" easingdir="easein"><path><segment start="0" dstart="0" end="100" dend="0" /></path></alpha></tween></tweens></animation></animations><objects><vectorshape id="ContentBorder" width="325" height="183" resume="false" usehandcursor="true" shapemaskid="" xpos="0" ypos="0" tabindex="3" tabenabled="false" xoffset="0" yoffset="0" rotatexpos="162.5" rotateypos="91.5" xscale="100" yscale="100" alpha="100" rotation="0" depth="1" scrolling="true" shufflelock="false" acctype="text" defaultaction=""><data hotlinkid="" accstate="0"><vectordata left="0" top="0" right="325" bottom="183" pngfb="false"><pr l="Lib" i="15" /></vectordata></data><animations><animation id="Entrance" duration="0" hidetextatstart="true" animateshapewithtext="false"><tweens><tween time="0" duration="0"><alpha duration="0" easing="linear" easingdir="easein"><path><segment start="0" dstart="0" end="100" dend="0" /></path></alpha></tween></tweens></animation></animations></vectorshape><vectorshape id="Content" width="325" height="183" resume="false" usehandcursor="true" shapemaskid="" xpos="0" ypos="0" tabindex="4" tabenabled="false" xoffset="0" yoffset="0" rotatexpos="162.5" rotateypos="91.5" xscale="100" yscale="100" alpha="100" rotation="0" depth="2" scrolling="true" shufflelock="false" acctype="image" defaultaction=""><data hotlinkid="" accstate="0"><vectordata left="72" top="0" right="397" bottom="183" pngfb="false"><pr l="Lib" i="16" /></vectordata></data><animations><animation id="Entrance" duration="0" hidetextatstart="true" animateshapewithtext="false"><tweens><tween time="0" duration="0"><alpha duration="0" easing="linear" easingdir="easein"><path><segment start="0" dstart="0" end="100" dend="0" /></path></alpha></tween></tweens></animation></animations><imagelib><imagedata assetId="3" id="01" url="interaction_content/6YD6lpBJRAp_None_325183_DX650_DY650.jpg" type="normal" width="650" height="366" altimage="mobile/6YD6lpBJRAp_None_325183_DX650_DY650_CX325_CY183.jpg" mobiledx="0" mobiledy="0" /></imagelib></vectorshape></objects></objgroup><vectorshape id="Text1" width="469" height="203" resume="false" usehandcursor="true" shapemaskid="" xpos="0" ypos="203" tabindex="5" tabenabled="true" xoffset="0" yoffset="0" rotatexpos="234.5" rotateypos="101.5" xscale="100" yscale="100" alpha="100" rotation="0" depth="2" scrolling="true" shufflelock="false" acctype="text" defaultaction=""><data hotlinkid="" accstate="0"><vectordata left="0" top="0" right="397" bottom="183" alttext="- Vì sao cần xem trước khi in;&#xA;- Làm quen với các nút lệnh giúp xem trước khi in" pngfb="false"><pr l="Lib" i="11" /></vectordata></data><animations><animation id="Entrance" duration="0" hidetextatstart="true" animateshapewithtext="false"><tweens><tween time="0" duration="0"><alpha duration="0" easing="linear" easingdir="easein"><path><segment start="0" dstart="0" end="100" dend="0" /></path></alpha></tween></tweens></animation></animations><textlib><textdata uniqueId="6l28HACfMH1_Text1_Text11" id="01" linkid="Text11" type="vectortext" alttext="&lt;Document xmlns:xsi=&quot;http://www.w3.org/2001/XMLSchema-instance&quot; xmlns:xsd=&quot;http://www.w3.org/2001/XMLSchema&quot;&gt;&#xD;&#xA;  &lt;Content&gt;&#xD;&#xA;    &lt;Block&gt;&#xD;&#xA;      &lt;Span Text=&quot;- Vì sao cần xem trước khi in;&amp;#xA;&quot; /&gt;&#xD;&#xA;    &lt;/Block&gt;&#xD;&#xA;    &lt;Block&gt;&#xD;&#xA;      &lt;Span Text=&quot;- Làm quen với các nút lệnh giúp xem trước khi in&quot; /&gt;&#xD;&#xA;    &lt;/Block&gt;&#xD;&#xA;  &lt;/Content&gt;&#xD;&#xA;&lt;/Document&gt;" xpos="0" ypos="0" width="0" height="0" shadowindex="-1"><vectortext left="0" top="0" right="369" bottom="44" pngfb="false"><pr l="Lib" i="17" /></vectortext></textdata></textlib></vectorshape></objects></objgroup></objects><audiolib><audio id="6ZzYMJgMMlM" assetId="4" /></audiolib><presenterref id="none" /></slide>